Date,Close
1/22/99,0.04
1/25/99,0.04
1/26/99,0.04
1/27/99,0.04
1/28/99,0.04
1/29/99,0.04
2/1/99,0.04
2/2/99,0.03
2/3/99,0.03
2/4/99,0.04
2/5/99,0.04
2/8/99,0.04
2/9/99,0.04
2/10/99,0.03
2/11/99,0.04
2/12/99,0.04
2/16/99,0.04
2/17/99,0.04
2/18/99,0.04
2/19/99,0.04
2/22/99,0.04
2/23/99,0.04
2/24/99,0.05
2/25/99,0.04
2/26/99,0.04
3/1/99,0.04
3/2/99,0.04
3/3/99,0.04
3/4/99,0.04
3/5/99,0.04
3/8/99,0.04
3/9/99,0.04
3/10/99,0.04
3/11/99,0.04
3/12/99,0.04
3/15/99,0.04
3/16/99,0.04
3/17/99,0.04
3/18/99,0.04
3/19/99,0.04
3/22/99,0.04
3/23/99,0.04
3/24/99,0.04
3/25/99,0.04
3/26/99,0.04
3/29/99,0.04
3/30/99,0.04
3/31/99,0.04
4/1/99,0.04
4/5/99,0.04
4/6/99,0.04
4/7/99,0.04
4/8/99,0.04
4/9/99,0.04
4/12/99,0.04
4/13/99,0.04
4/14/99,0.04
4/15/99,0.04
4/16/99,0.04
4/19/99,0.04
4/20/99,0.04
4/21/99,0.04
4/22/99,0.03
4/23/99,0.03
4/26/99,0.03
4/27/99,0.03
4/28/99,0.03
4/29/99,0.03
4/30/99,0.03
5/3/99,0.04
5/4/99,0.03
5/5/99,0.03
5/6/99,0.03
5/7/99,0.03
5/10/99,0.03
5/11/99,0.04
5/12/99,0.04
5/13/99,0.04
5/14/99,0.03
5/17/99,0.04
5/18/99,0.04
5/19/99,0.04
5/20/99,0.03
5/21/99,0.03
5/24/99,0.03
5/25/99,0.03
5/26/99,0.03
5/27/99,0.03
5/28/99,0.03
6/1/99,0.03
6/2/99,0.03
6/3/99,0.03
6/4/99,0.03
6/7/99,0.03
6/8/99,0.03
6/9/99,0.03
6/10/99,0.03
6/11/99,0.03
6/14/99,0.03
6/15/99,0.03
6/16/99,0.03
6/17/99,0.03
6/18/99,0.03
6/21/99,0.03
6/22/99,0.03
6/23/99,0.03
6/24/99,0.03
6/25/99,0.03
6/28/99,0.03
6/29/99,0.03
6/30/99,0.04
7/1/99,0.03
7/2/99,0.04
7/6/99,0.04
7/7/99,0.04
7/8/99,0.04
7/9/99,0.04
7/12/99,0.04
7/13/99,0.04
7/14/99,0.04
7/15/99,0.04
7/16/99,0.04
7/19/99,0.04
7/20/99,0.04
7/21/99,0.04
7/22/99,0.04
7/23/99,0.04
7/26/99,0.04
7/27/99,0.04
7/28/99,0.04
7/29/99,0.04
7/30/99,0.04
8/2/99,0.04
8/3/99,0.04
8/4/99,0.04
8/5/99,0.04
8/6/99,0.04
8/9/99,0.04
8/10/99,0.04
8/11/99,0.04
8/12/99,0.04
8/13/99,0.04
8/16/99,0.04
8/17/99,0.04
8/18/99,0.04
8/19/99,0.05
8/20/99,0.05
8/23/99,0.05
8/24/99,0.05
8/25/99,0.05
8/26/99,0.05
8/27/99,0.05
8/30/99,0.05
8/31/99,0.05
9/1/99,0.05
9/2/99,0.05
9/3/99,0.05
9/7/99,0.05
9/8/99,0.05
9/9/99,0.05
9/10/99,0.05
9/13/99,0.05
9/14/99,0.05
9/15/99,0.05
9/16/99,0.05
9/17/99,0.05
9/20/99,0.04
9/21/99,0.04
9/22/99,0.04
9/23/99,0.04
9/24/99,0.03
9/27/99,0.04
9/28/99,0.04
9/29/99,0.04
9/30/99,0.04
10/1/99,0.04
10/4/99,0.04
10/5/99,0.04
10/6/99,0.05
10/7/99,0.04
10/8/99,0.04
10/11/99,0.04
10/12/99,0.04
10/13/99,0.04
10/14/99,0.04
10/15/99,0.04
10/18/99,0.04
10/19/99,0.04
10/20/99,0.04
10/21/99,0.04
10/22/99,0.04
10/25/99,0.04
10/26/99,0.04
10/27/99,0.04
10/28/99,0.04
10/29/99,0.04
11/1/99,0.04
11/2/99,0.05
11/3/99,0.05
11/4/99,0.06
11/5/99,0.05
11/8/99,0.06
11/9/99,0.05
11/10/99,0.05
11/11/99,0.06
11/12/99,0.06
11/15/99,0.06
11/16/99,0.07
11/17/99,0.07
11/18/99,0.07
11/19/99,0.08
11/22/99,0.08
11/23/99,0.08
11/24/99,0.07
11/26/99,0.07
11/29/99,0.07
11/30/99,0.07
12/1/99,0.07
12/2/99,0.07
12/3/99,0.07
12/6/99,0.07
12/7/99,0.07
12/8/99,0.08
12/9/99,0.07
12/10/99,0.07
12/13/99,0.07
12/14/99,0.07
12/15/99,0.07
12/16/99,0.07
12/17/99,0.07
12/20/99,0.08
12/21/99,0.08
12/22/99,0.08
12/23/99,0.09
12/27/99,0.09
12/28/99,0.09
12/29/99,0.09
12/30/99,0.09
12/31/99,0.09
1/3/00,0.09
1/4/00,0.09
1/5/00,0.08
1/6/00,0.08
1/7/00,0.08
1/10/00,0.08
1/11/00,0.08
1/12/00,0.08
1/13/00,0.08
1/14/00,0.08
1/18/00,0.09
1/19/00,0.09
1/20/00,0.09
1/21/00,0.09
1/24/00,0.08
1/25/00,0.08
1/26/00,0.08
1/27/00,0.07
1/28/00,0.07
1/31/00,0.07
2/1/00,0.07
2/2/00,0.07
2/3/00,0.08
2/4/00,0.08
2/7/00,0.07
2/8/00,0.08
2/9/00,0.08
2/10/00,0.09
2/11/00,0.1
2/14/00,0.11
2/15/00,0.11
2/16/00,0.11
2/17/00,0.12
2/18/00,0.13
2/22/00,0.13
2/23/00,0.13
2/24/00,0.12
2/25/00,0.12
2/28/00,0.12
2/29/00,0.12
3/1/00,0.12
3/2/00,0.11
3/3/00,0.11
3/6/00,0.11
3/7/00,0.16
3/8/00,0.16
3/9/00,0.19
3/10/00,0.23
3/13/00,0.29
3/14/00,0.21
3/15/00,0.2
3/16/00,0.18
3/17/00,0.19
3/20/00,0.19
3/21/00,0.18
3/22/00,0.18
3/23/00,0.19
3/24/00,0.18
3/27/00,0.17
3/28/00,0.15
3/29/00,0.14
3/30/00,0.14
3/31/00,0.16
4/3/00,0.15
4/4/00,0.14
4/5/00,0.18
4/6/00,0.18
4/7/00,0.2
4/10/00,0.18
4/11/00,0.17
4/12/00,0.15
4/13/00,0.14
4/14/00,0.13
4/17/00,0.14
4/18/00,0.16
4/19/00,0.15
4/20/00,0.15
4/24/00,0.15
4/25/00,0.16
4/26/00,0.16
4/27/00,0.17
4/28/00,0.17
5/1/00,0.18
5/2/00,0.17
5/3/00,0.17
5/4/00,0.17
5/5/00,0.18
5/8/00,0.17
5/9/00,0.17
5/10/00,0.15
5/11/00,0.16
5/12/00,0.15
5/15/00,0.16
5/16/00,0.18
5/17/00,0.21
5/18/00,0.2
5/19/00,0.2
5/22/00,0.21
5/23/00,0.21
5/24/00,0.2
5/25/00,0.2
5/26/00,0.2
5/30/00,0.21
5/31/00,0.22
6/1/00,0.22
6/2/00,0.25
6/5/00,0.26
6/6/00,0.24
6/7/00,0.23
6/8/00,0.23
6/9/00,0.24
6/12/00,0.24
6/13/00,0.24
6/14/00,0.24
6/15/00,0.25
6/16/00,0.29
6/19/00,0.3
6/20/00,0.3
6/21/00,0.33
6/22/00,0.31
6/23/00,0.28
6/26/00,0.32
6/27/00,0.27
6/28/00,0.26
6/29/00,0.22
6/30/00,0.24
7/3/00,0.23
7/5/00,0.21
7/6/00,0.22
7/7/00,0.22
7/10/00,0.23
7/11/00,0.25
7/12/00,0.26
7/13/00,0.28
7/14/00,0.28
7/17/00,0.28
7/18/00,0.27
7/19/00,0.26
7/20/00,0.26
7/21/00,0.27
7/24/00,0.24
7/25/00,0.23
7/26/00,0.22
7/27/00,0.2
7/28/00,0.21
7/31/00,0.23
8/1/00,0.22
8/2/00,0.23
8/3/00,0.24
8/4/00,0.24
8/7/00,0.26
8/8/00,0.26
8/9/00,0.25
8/10/00,0.25
8/11/00,0.25
8/14/00,0.25
8/15/00,0.27
8/16/00,0.28
8/17/00,0.28
8/18/00,0.29
8/21/00,0.3
8/22/00,0.27
8/23/00,0.29
8/24/00,0.29
8/25/00,0.29
8/28/00,0.3
8/29/00,0.3
8/30/00,0.3
8/31/00,0.3
9/1/00,0.3
9/5/00,0.3
9/6/00,0.28
9/7/00,0.3
9/8/00,0.28
9/11/00,0.27
9/12/00,0.27
9/13/00,0.27
9/14/00,0.27
9/15/00,0.27
9/18/00,0.26
9/19/00,0.26
9/20/00,0.25
9/21/00,0.27
9/22/00,0.27
9/25/00,0.29
9/26/00,0.3
9/27/00,0.31
9/28/00,0.32
9/29/00,0.31
10/2/00,0.31
10/3/00,0.29
10/4/00,0.29
10/5/00,0.28
10/6/00,0.26
10/9/00,0.27
10/10/00,0.25
10/11/00,0.25
10/12/00,0.24
10/13/00,0.25
10/16/00,0.24
10/17/00,0.23
10/18/00,0.22
10/19/00,0.24
10/20/00,0.27
10/23/00,0.26
10/24/00,0.25
10/25/00,0.23
10/26/00,0.24
10/27/00,0.23
10/30/00,0.22
10/31/00,0.24
11/1/00,0.24
11/2/00,0.26
11/3/00,0.27
11/6/00,0.29
11/7/00,0.27
11/8/00,0.27
11/9/00,0.24
11/10/00,0.22
11/13/00,0.23
11/14/00,0.27
11/15/00,0.26
11/16/00,0.25
11/17/00,0.24
11/20/00,0.22
11/21/00,0.22
11/22/00,0.21
11/24/00,0.22
11/27/00,0.21
11/28/00,0.2
11/29/00,0.18
11/30/00,0.15
12/1/00,0.17
12/4/00,0.17
12/5/00,0.18
12/6/00,0.16
12/7/00,0.15
12/8/00,0.19
12/11/00,0.19
12/12/00,0.18
12/13/00,0.17
12/14/00,0.16
12/15/00,0.14
12/18/00,0.15
12/19/00,0.14
12/20/00,0.12
12/21/00,0.11
12/22/00,0.13
12/26/00,0.13
12/27/00,0.14
12/28/00,0.14
12/29/00,0.13
1/2/01,0.11
1/3/01,0.15
1/4/01,0.17
1/5/01,0.14
1/8/01,0.16
1/9/01,0.16
1/10/01,0.17
1/11/01,0.18
1/12/01,0.18
1/16/01,0.17
1/17/01,0.17
1/18/01,0.2
1/19/01,0.2
1/22/01,0.19
1/23/01,0.21
1/24/01,0.21
1/25/01,0.19
1/26/01,0.19
1/29/01,0.2
1/30/01,0.2
1/31/01,0.2
2/1/01,0.2
2/2/01,0.18
2/5/01,0.18
2/6/01,0.18
2/7/01,0.17
2/8/01,0.17
2/9/01,0.17
2/12/01,0.16
2/13/01,0.17
2/14/01,0.18
2/15/01,0.22
2/16/01,0.23
2/20/01,0.2
2/21/01,0.21
2/22/01,0.22
2/23/01,0.21
2/26/01,0.2
2/27/01,0.19
2/28/01,0.17
3/1/01,0.18
3/2/01,0.17
3/5/01,0.17
3/6/01,0.18
3/7/01,0.2
3/8/01,0.21
3/9/01,0.19
3/12/01,0.18
3/13/01,0.21
3/14/01,0.22
3/15/01,0.23
3/16/01,0.23
3/19/01,0.24
3/20/01,0.22
3/21/01,0.23
3/22/01,0.26
3/23/01,0.26
3/26/01,0.27
3/27/01,0.26
3/28/01,0.26
3/29/01,0.26
3/30/01,0.25
4/2/01,0.24
4/3/01,0.25
4/4/01,0.22
4/5/01,0.24
4/6/01,0.24
4/9/01,0.23
4/10/01,0.25
4/11/01,0.26
4/12/01,0.27
4/16/01,0.26
4/17/01,0.27
4/18/01,0.3
4/19/01,0.32
4/20/01,0.33
4/23/01,0.31
4/24/01,0.29
4/25/01,0.31
4/26/01,0.28
4/27/01,0.3
4/30/01,0.32
5/1/01,0.35
5/2/01,0.34
5/3/01,0.34
5/4/01,0.34
5/7/01,0.36
5/8/01,0.33
5/9/01,0.32
5/10/01,0.31
5/11/01,0.3
5/14/01,0.3
5/15/01,0.31
5/16/01,0.33
5/17/01,0.33
5/18/01,0.33
5/21/01,0.34
5/22/01,0.36
5/23/01,0.35
5/24/01,0.36
5/25/01,0.35
5/29/01,0.34
5/30/01,0.33
5/31/01,0.33
6/1/01,0.35
6/4/01,0.34
6/5/01,0.36
6/6/01,0.36
6/7/01,0.38
6/8/01,0.37
6/11/01,0.36
6/12/01,0.37
6/13/01,0.36
6/14/01,0.36
6/15/01,0.36
6/18/01,0.35
6/19/01,0.33
6/20/01,0.34
6/21/01,0.35
6/22/01,0.35
6/25/01,0.35
6/26/01,0.36
6/27/01,0.35
6/28/01,0.35
6/29/01,0.35
7/2/01,0.34
7/3/01,0.34
7/5/01,0.32
7/6/01,0.31
7/9/01,0.3
7/10/01,0.3
7/11/01,0.3
7/12/01,0.32
7/13/01,0.31
7/16/01,0.28
7/17/01,0.3
7/18/01,0.29
7/19/01,0.29
7/20/01,0.29
7/23/01,0.26
7/24/01,0.28
7/25/01,0.27
7/26/01,0.3
7/27/01,0.31
7/30/01,0.3
7/31/01,0.31
8/1/01,0.33
8/2/01,0.34
8/3/01,0.33
8/6/01,0.34
8/7/01,0.34
8/8/01,0.33
8/9/01,0.32
8/10/01,0.32
8/13/01,0.34
8/14/01,0.33
8/15/01,0.33
8/16/01,0.34
8/17/01,0.32
8/20/01,0.32
8/21/01,0.31
8/22/01,0.32
8/23/01,0.32
8/24/01,0.33
8/27/01,0.34
8/28/01,0.33
8/29/01,0.32
8/30/01,0.32
8/31/01,0.32
9/4/01,0.3
9/5/01,0.31
9/6/01,0.3
9/7/01,0.3
9/10/01,0.29
9/17/01,0.26
9/18/01,0.24
9/19/01,0.24
9/20/01,0.22
9/21/01,0.21
9/24/01,0.23
9/25/01,0.22
9/26/01,0.21
9/27/01,0.2
9/28/01,0.21
10/1/01,0.19
10/2/01,0.18
10/3/01,0.22
10/4/01,0.25
10/5/01,0.25
10/8/01,0.26
10/9/01,0.25
10/10/01,0.26
10/11/01,0.29
10/12/01,0.31
10/15/01,0.31
10/16/01,0.34
10/17/01,0.32
10/18/01,0.33
10/19/01,0.34
10/22/01,0.35
10/23/01,0.34
10/24/01,0.36
10/25/01,0.38
10/26/01,0.35
10/29/01,0.32
10/30/01,0.32
10/31/01,0.33
11/1/01,0.36
11/2/01,0.36
11/5/01,0.36
11/6/01,0.39
11/7/01,0.39
11/8/01,0.38
11/9/01,0.41
11/12/01,0.42
11/13/01,0.41
11/14/01,0.4
11/15/01,0.4
11/16/01,0.4
11/19/01,0.39
11/20/01,0.38
11/21/01,0.38
11/23/01,0.38
11/26/01,0.41
11/27/01,0.41
11/28/01,0.39
11/29/01,0.41
11/30/01,0.42
12/3/01,0.41
12/4/01,0.44
12/5/01,0.48
12/6/01,0.47
12/7/01,0.46
12/10/01,0.46
12/11/01,0.48
12/12/01,0.49
12/13/01,0.48
12/14/01,0.5
12/17/01,0.52
12/18/01,0.51
12/19/01,0.49
12/20/01,0.47
12/21/01,0.49
12/24/01,0.51
12/26/01,0.52
12/27/01,0.53
12/28/01,0.52
12/31/01,0.51
1/2/02,0.51
1/3/02,0.55
1/4/02,0.53
1/7/02,0.52
1/8/02,0.52
1/9/02,0.52
1/10/02,0.5
1/11/02,0.48
1/14/02,0.46
1/15/02,0.5
1/16/02,0.48
1/17/02,0.5
1/18/02,0.49
1/22/02,0.48
1/23/02,0.48
1/24/02,0.5
1/25/02,0.5
1/28/02,0.52
1/29/02,0.49
1/30/02,0.5
1/31/02,0.5
2/1/02,0.49
2/4/02,0.47
2/5/02,0.46
2/6/02,0.47
2/7/02,0.46
2/8/02,0.44
2/11/02,0.47
2/12/02,0.48
2/13/02,0.47
2/14/02,0.48
2/15/02,0.44
2/19/02,0.41
2/20/02,0.43
2/21/02,0.4
2/22/02,0.38
2/25/02,0.41
2/26/02,0.42
2/27/02,0.41
2/28/02,0.39
3/1/02,0.43
3/4/02,0.45
3/5/02,0.45
3/6/02,0.44
3/7/02,0.43
3/8/02,0.45
3/11/02,0.44
3/12/02,0.42
3/13/02,0.41
3/14/02,0.39
3/15/02,0.4
3/18/02,0.4
3/19/02,0.39
3/20/02,0.36
3/21/02,0.37
3/22/02,0.37
3/25/02,0.35
3/26/02,0.36
3/27/02,0.35
3/28/02,0.34
4/1/02,0.33
4/2/02,0.32
4/3/02,0.33
4/4/02,0.33
4/5/02,0.32
4/8/02,0.33
4/9/02,0.31
4/10/02,0.29
4/11/02,0.28
4/12/02,0.28
4/15/02,0.29
4/16/02,0.3
4/17/02,0.31
4/18/02,0.3
4/19/02,0.28
4/22/02,0.28
4/23/02,0.27
4/24/02,0.25
4/25/02,0.26
4/26/02,0.23
4/29/02,0.27
4/30/02,0.27
5/1/02,0.27
5/2/02,0.26
5/3/02,0.25
5/6/02,0.24
5/7/02,0.25
5/8/02,0.28
5/9/02,0.26
5/10/02,0.24
5/13/02,0.26
5/14/02,0.28
5/15/02,0.29
5/16/02,0.29
5/17/02,0.3
5/20/02,0.3
5/21/02,0.28
5/22/02,0.29
5/23/02,0.27
5/24/02,0.27
5/28/02,0.26
5/29/02,0.27
5/30/02,0.26
5/31/02,0.26
6/3/02,0.24
6/4/02,0.25
6/5/02,0.25
6/6/02,0.25
6/7/02,0.25
6/10/02,0.24
6/11/02,0.23
6/12/02,0.21
6/13/02,0.21
6/14/02,0.22
6/17/02,0.22
6/18/02,0.22
6/19/02,0.18
6/20/02,0.18
6/21/02,0.17
6/24/02,0.18
6/25/02,0.16
6/26/02,0.15
6/27/02,0.13
6/28/02,0.13
7/1/02,0.13
7/2/02,0.12
7/3/02,0.13
7/5/02,0.15
7/8/02,0.15
7/9/02,0.14
7/10/02,0.14
7/11/02,0.15
7/12/02,0.15
7/15/02,0.17
7/16/02,0.16
7/17/02,0.15
7/18/02,0.15
7/19/02,0.14
7/22/02,0.13
7/23/02,0.12
7/24/02,0.13
7/25/02,0.12
7/26/02,0.11
7/29/02,0.12
7/30/02,0.12
7/31/02,0.08
8/1/02,0.08
8/2/02,0.07
8/5/02,0.07
8/6/02,0.07
8/7/02,0.07
8/8/02,0.07
8/9/02,0.07
8/12/02,0.07
8/13/02,0.07
8/14/02,0.07
8/15/02,0.08
8/16/02,0.08
8/19/02,0.1
8/20/02,0.09
8/21/02,0.1
8/22/02,0.09
8/23/02,0.09
8/26/02,0.09
8/27/02,0.08
8/28/02,0.08
8/29/02,0.08
8/30/02,0.08
9/3/02,0.07
9/4/02,0.07
9/5/02,0.07
9/6/02,0.07
9/9/02,0.07
9/10/02,0.08
9/11/02,0.08
9/12/02,0.08
9/13/02,0.08
9/16/02,0.08
9/17/02,0.07
9/18/02,0.07
9/19/02,0.07
9/20/02,0.07
9/23/02,0.07
9/24/02,0.07
9/25/02,0.07
9/26/02,0.07
9/27/02,0.07
9/30/02,0.07
10/1/02,0.07
10/2/02,0.07
10/3/02,0.07
10/4/02,0.06
10/7/02,0.06
10/8/02,0.06
10/9/02,0.06
10/10/02,0.06
10/11/02,0.07
10/14/02,0.07
10/15/02,0.07
10/16/02,0.07
10/17/02,0.07
10/18/02,0.07
10/21/02,0.08
10/22/02,0.08
10/23/02,0.08
10/24/02,0.08
10/25/02,0.08
10/28/02,0.09
10/29/02,0.08
10/30/02,0.09
10/31/02,0.09
11/1/02,0.11
11/4/02,0.12
11/5/02,0.11
11/6/02,0.12
11/7/02,0.11
11/8/02,0.09
11/11/02,0.08
11/12/02,0.09
11/13/02,0.09
11/14/02,0.1
11/15/02,0.1
11/18/02,0.11
11/19/02,0.11
11/20/02,0.11
11/21/02,0.12
11/22/02,0.12
11/25/02,0.12
11/26/02,0.12
11/27/02,0.13
11/29/02,0.13
12/2/02,0.13
12/3/02,0.12
12/4/02,0.11
12/5/02,0.11
12/6/02,0.11
12/9/02,0.1
12/10/02,0.11
12/11/02,0.11
12/12/02,0.11
12/13/02,0.1
12/16/02,0.11
12/17/02,0.11
12/18/02,0.1
12/19/02,0.1
12/20/02,0.1
12/23/02,0.1
12/24/02,0.1
12/26/02,0.09
12/27/02,0.09
12/30/02,0.09
12/31/02,0.09
1/2/03,0.09
1/3/03,0.09
1/6/03,0.1
1/7/03,0.1
1/8/03,0.09
1/9/03,0.09
1/10/03,0.09
1/13/03,0.09
1/14/03,0.09
1/15/03,0.09
1/16/03,0.09
1/17/03,0.08
1/21/03,0.08
1/22/03,0.08
1/23/03,0.08
1/24/03,0.08
1/27/03,0.08
1/28/03,0.08
1/29/03,0.08
1/30/03,0.08
1/31/03,0.08
2/3/03,0.08
2/4/03,0.08
2/5/03,0.08
2/6/03,0.08
2/7/03,0.07
2/10/03,0.08
2/11/03,0.07
2/12/03,0.07
2/13/03,0.08
2/14/03,0.09
2/18/03,0.1
2/19/03,0.1
2/20/03,0.1
2/21/03,0.1
2/24/03,0.1
2/25/03,0.1
2/26/03,0.09
2/27/03,0.1
2/28/03,0.1
3/3/03,0.09
3/4/03,0.09
3/5/03,0.1
3/6/03,0.09
3/7/03,0.1
3/10/03,0.09
3/11/03,0.09
3/12/03,0.1
3/13/03,0.11
3/14/03,0.1
3/17/03,0.11
3/18/03,0.11
3/19/03,0.11
3/20/03,0.11
3/21/03,0.11
3/24/03,0.1
3/25/03,0.11
3/26/03,0.11
3/27/03,0.11
3/28/03,0.1
3/31/03,0.1
4/1/03,0.1
4/2/03,0.11
4/3/03,0.11
4/4/03,0.1
4/7/03,0.1
4/8/03,0.1
4/9/03,0.1
4/10/03,0.1
4/11/03,0.1
4/14/03,0.1
4/15/03,0.1
4/16/03,0.1
4/17/03,0.1
4/21/03,0.11
4/22/03,0.11
4/23/03,0.11
4/24/03,0.11
4/25/03,0.1
4/28/03,0.11
4/29/03,0.11
4/30/03,0.11
5/1/03,0.11
5/2/03,0.12
5/5/03,0.12
5/6/03,0.12
5/7/03,0.12
5/8/03,0.12
5/9/03,0.16
5/12/03,0.16
5/13/03,0.16
5/14/03,0.16
5/15/03,0.16
5/16/03,0.16
5/19/03,0.15
5/20/03,0.15
5/21/03,0.16
5/22/03,0.16
5/23/03,0.16
5/27/03,0.17
5/28/03,0.17
5/29/03,0.19
5/30/03,0.2
6/2/03,0.19
6/3/03,0.19
6/4/03,0.2
6/5/03,0.2
6/6/03,0.2
6/9/03,0.19
6/10/03,0.2
6/11/03,0.2
6/12/03,0.19
6/13/03,0.18
6/16/03,0.18
6/17/03,0.19
6/18/03,0.19
6/19/03,0.18
6/20/03,0.18
6/23/03,0.17
6/24/03,0.17
6/25/03,0.18
6/26/03,0.18
6/27/03,0.17
6/30/03,0.18
7/1/03,0.18
7/2/03,0.18
7/3/03,0.18
7/7/03,0.19
7/8/03,0.19
7/9/03,0.19
7/10/03,0.19
7/11/03,0.19
7/14/03,0.19
7/15/03,0.18
7/16/03,0.18
7/17/03,0.17
7/18/03,0.16
7/21/03,0.16
7/22/03,0.16
7/23/03,0.16
7/24/03,0.16
7/25/03,0.16
7/28/03,0.16
7/29/03,0.15
7/30/03,0.14
7/31/03,0.15
8/1/03,0.15
8/4/03,0.16
8/5/03,0.16
8/6/03,0.15
8/7/03,0.15
8/8/03,0.12
8/11/03,0.12
8/12/03,0.13
8/13/03,0.13
8/14/03,0.12
8/15/03,0.12
8/18/03,0.13
8/19/03,0.14
8/20/03,0.13
8/21/03,0.14
8/22/03,0.14
8/25/03,0.14
8/26/03,0.14
8/27/03,0.14
8/28/03,0.14
8/29/03,0.14
9/2/03,0.14
9/3/03,0.13
9/4/03,0.14
9/5/03,0.14
9/8/03,0.15
9/9/03,0.16
9/10/03,0.15
9/11/03,0.15
9/12/03,0.15
9/15/03,0.15
9/16/03,0.15
9/17/03,0.15
9/18/03,0.15
9/19/03,0.15
9/22/03,0.15
9/23/03,0.15
9/24/03,0.14
9/25/03,0.13
9/26/03,0.13
9/29/03,0.12
9/30/03,0.12
10/1/03,0.12
10/2/03,0.12
10/3/03,0.13
10/6/03,0.13
10/7/03,0.13
10/8/03,0.12
10/9/03,0.13
10/10/03,0.13
10/13/03,0.13
10/14/03,0.13
10/15/03,0.13
10/16/03,0.13
10/17/03,0.13
10/20/03,0.13
10/21/03,0.13
10/22/03,0.13
10/23/03,0.13
10/24/03,0.13
10/27/03,0.13
10/28/03,0.14
10/29/03,0.14
10/30/03,0.14
10/31/03,0.14
11/3/03,0.14
11/4/03,0.14
11/5/03,0.14
11/6/03,0.14
11/7/03,0.17
11/10/03,0.17
11/11/03,0.16
11/12/03,0.16
11/13/03,0.16
11/14/03,0.15
11/17/03,0.15
11/18/03,0.15
11/19/03,0.15
11/20/03,0.15
11/21/03,0.15
11/24/03,0.16
11/25/03,0.16
11/26/03,0.16
11/28/03,0.16
12/1/03,0.16
12/2/03,0.16
12/3/03,0.16
12/4/03,0.16
12/5/03,0.16
12/8/03,0.16
12/9/03,0.15
12/10/03,0.15
12/11/03,0.16
12/12/03,0.16
12/15/03,0.16
12/16/03,0.16
12/17/03,0.16
12/18/03,0.16
12/19/03,0.16
12/22/03,0.16
12/23/03,0.17
12/24/03,0.17
12/26/03,0.17
12/29/03,0.18
12/30/03,0.18
12/31/03,0.18
1/2/04,0.18
1/5/04,0.18
1/6/04,0.19
1/7/04,0.19
1/8/04,0.19
1/9/04,0.19
1/12/04,0.2
1/13/04,0.19
1/14/04,0.19
1/15/04,0.19
1/16/04,0.19
1/20/04,0.19
1/21/04,0.18
1/22/04,0.18
1/23/04,0.18
1/26/04,0.18
1/27/04,0.17
1/28/04,0.17
1/29/04,0.17
1/30/04,0.17
2/2/04,0.17
2/3/04,0.17
2/4/04,0.17
2/5/04,0.17
2/6/04,0.17
2/9/04,0.17
2/10/04,0.18
2/11/04,0.19
2/12/04,0.18
2/13/04,0.18
2/17/04,0.18
2/18/04,0.18
2/19/04,0.18
2/20/04,0.18
2/23/04,0.18
2/24/04,0.17
2/25/04,0.17
2/26/04,0.17
2/27/04,0.17
3/1/04,0.17
3/2/04,0.17
3/3/04,0.17
3/4/04,0.17
3/5/04,0.17
3/8/04,0.16
3/9/04,0.16
3/10/04,0.16
3/11/04,0.16
3/12/04,0.16
3/15/04,0.16
3/16/04,0.17
3/17/04,0.17
3/18/04,0.17
3/19/04,0.17
3/22/04,0.17
3/23/04,0.17
3/24/04,0.18
3/25/04,0.19
3/26/04,0.19
3/29/04,0.19
3/30/04,0.2
3/31/04,0.2
4/1/04,0.2
4/2/04,0.2
4/5/04,0.21
4/6/04,0.2
4/7/04,0.2
4/8/04,0.2
4/12/04,0.2
4/13/04,0.2
4/14/04,0.2
4/15/04,0.19
4/16/04,0.18
4/19/04,0.18
4/20/04,0.17
4/21/04,0.17
4/22/04,0.17
4/23/04,0.18
4/26/04,0.17
4/27/04,0.17
4/28/04,0.17
4/29/04,0.16
4/30/04,0.16
5/3/04,0.15
5/4/04,0.16
5/5/04,0.17
5/6/04,0.17
5/7/04,0.17
5/10/04,0.16
5/11/04,0.17
5/12/04,0.16
5/13/04,0.16
5/14/04,0.16
5/17/04,0.16
5/18/04,0.16
5/19/04,0.16
5/20/04,0.16
5/21/04,0.16
5/24/04,0.16
5/25/04,0.17
5/26/04,0.17
5/27/04,0.17
5/28/04,0.18
6/1/04,0.18
6/2/04,0.18
6/3/04,0.17
6/4/04,0.17
6/7/04,0.17
6/8/04,0.17
6/9/04,0.16
6/10/04,0.16
6/14/04,0.15
6/15/04,0.16
6/16/04,0.15
6/17/04,0.15
6/18/04,0.15
6/21/04,0.15
6/22/04,0.15
6/23/04,0.16
6/24/04,0.15
6/25/04,0.15
6/28/04,0.15
6/29/04,0.16
6/30/04,0.16
7/1/04,0.15
7/2/04,0.15
7/6/04,0.14
7/7/04,0.14
7/8/04,0.13
7/9/04,0.13
7/12/04,0.13
7/13/04,0.13
7/14/04,0.12
7/15/04,0.12
7/16/04,0.12
7/19/04,0.12
7/20/04,0.12
7/21/04,0.11
7/22/04,0.11
7/23/04,0.11
7/26/04,0.11
7/27/04,0.11
7/28/04,0.11
7/29/04,0.12
7/30/04,0.12
8/2/04,0.12
8/3/04,0.11
8/4/04,0.11
8/5/04,0.11
8/6/04,0.07
8/9/04,0.08
8/10/04,0.08
8/11/04,0.08
8/12/04,0.08
8/13/04,0.08
8/16/04,0.08
8/17/04,0.08
8/18/04,0.09
8/19/04,0.09
8/20/04,0.09
8/23/04,0.1
8/24/04,0.09
8/25/04,0.1
8/26/04,0.1
8/27/04,0.1
8/30/04,0.1
8/31/04,0.1
9/1/04,0.1
9/2/04,0.1
9/3/04,0.1
9/7/04,0.1
9/8/04,0.09
9/9/04,0.1
9/10/04,0.11
9/13/04,0.11
9/14/04,0.11
9/15/04,0.1
9/16/04,0.11
9/17/04,0.11
9/20/04,0.11
9/21/04,0.12
9/22/04,0.11
9/23/04,0.11
9/24/04,0.11
9/27/04,0.11
9/28/04,0.11
9/29/04,0.11
9/30/04,0.11
10/1/04,0.12
10/4/04,0.12
10/5/04,0.12
10/6/04,0.12
10/7/04,0.12
10/8/04,0.11
10/11/04,0.11
10/12/04,0.11
10/13/04,0.11
10/14/04,0.11
10/15/04,0.1
10/18/04,0.1
10/19/04,0.1
10/20/04,0.1
10/21/04,0.11
10/22/04,0.1
10/25/04,0.1
10/26/04,0.11
10/27/04,0.11
10/28/04,0.11
10/29/04,0.11
11/1/04,0.11
11/2/04,0.11
11/3/04,0.12
11/4/04,0.12
11/5/04,0.13
11/8/04,0.14
11/9/04,0.14
11/10/04,0.14
11/11/04,0.14
11/12/04,0.14
11/15/04,0.14
11/16/04,0.14
11/17/04,0.14
11/18/04,0.14
11/19/04,0.14
11/22/04,0.15
11/23/04,0.15
11/24/04,0.15
11/26/04,0.15
11/29/04,0.15
11/30/04,0.15
12/1/04,0.15
12/2/04,0.15
12/3/04,0.16
12/6/04,0.17
12/7/04,0.17
12/8/04,0.18
12/9/04,0.17
12/10/04,0.18
12/13/04,0.17
12/14/04,0.18
12/15/04,0.18
12/16/04,0.18
12/17/04,0.18
12/20/04,0.17
12/21/04,0.18
12/22/04,0.18
12/23/04,0.18
12/27/04,0.17
12/28/04,0.17
12/29/04,0.18
12/30/04,0.17
12/31/04,0.18
1/3/05,0.18
1/4/05,0.17
1/5/05,0.17
1/6/05,0.17
1/7/05,0.17
1/10/05,0.17
1/11/05,0.16
1/12/05,0.16
1/13/05,0.16
1/14/05,0.16
1/18/05,0.17
1/19/05,0.16
1/20/05,0.16
1/21/05,0.16
1/24/05,0.16
1/25/05,0.16
1/26/05,0.16
1/27/05,0.18
1/28/05,0.17
1/31/05,0.18
2/1/05,0.18
2/2/05,0.19
2/3/05,0.19
2/4/05,0.2
2/7/05,0.19
2/8/05,0.2
2/9/05,0.19
2/10/05,0.19
2/11/05,0.2
2/14/05,0.2
2/15/05,0.2
2/16/05,0.2
2/17/05,0.19
2/18/05,0.22
2/22/05,0.22
2/23/05,0.21
2/24/05,0.22
2/25/05,0.22
2/28/05,0.22
3/1/05,0.22
3/2/05,0.21
3/3/05,0.21
3/4/05,0.21
3/7/05,0.21
3/8/05,0.2
3/9/05,0.2
3/10/05,0.2
3/11/05,0.19
3/14/05,0.2
3/15/05,0.19
3/16/05,0.19
3/17/05,0.19
3/18/05,0.18
3/21/05,0.19
3/22/05,0.19
3/23/05,0.19
3/24/05,0.19
3/28/05,0.19
3/29/05,0.19
3/30/05,0.19
3/31/05,0.18
4/1/05,0.18
4/4/05,0.18
4/5/05,0.18
4/6/05,0.18
4/7/05,0.18
4/8/05,0.18
4/11/05,0.18
4/12/05,0.18
4/13/05,0.17
4/14/05,0.17
4/15/05,0.16
4/18/05,0.16
4/19/05,0.17
4/20/05,0.16
4/21/05,0.17
4/22/05,0.17
4/25/05,0.17
4/26/05,0.17
4/27/05,0.17
4/28/05,0.17
4/29/05,0.17
5/2/05,0.17
5/3/05,0.17
5/4/05,0.17
5/5/05,0.17
5/6/05,0.18
5/9/05,0.18
5/10/05,0.17
5/11/05,0.17
5/12/05,0.17
5/13/05,0.19
5/16/05,0.19
5/17/05,0.2
5/18/05,0.2
5/19/05,0.2
5/20/05,0.2
5/23/05,0.21
5/24/05,0.21
5/25/05,0.21
5/26/05,0.21
5/27/05,0.21
5/31/05,0.21
6/1/05,0.21
6/2/05,0.22
6/3/05,0.22
6/6/05,0.21
6/7/05,0.21
6/8/05,0.21
6/9/05,0.22
6/10/05,0.21
6/13/05,0.22
6/14/05,0.21
6/15/05,0.21
6/16/05,0.21
6/17/05,0.21
6/20/05,0.21
6/21/05,0.21
6/22/05,0.21
6/23/05,0.21
6/24/05,0.21
6/27/05,0.21
6/28/05,0.21
6/29/05,0.2
6/30/05,0.2
7/1/05,0.21
7/5/05,0.21
7/6/05,0.21
7/7/05,0.21
7/8/05,0.22
7/11/05,0.22
7/12/05,0.22
7/13/05,0.22
7/14/05,0.21
7/15/05,0.21
7/18/05,0.2
7/19/05,0.2
7/20/05,0.21
7/21/05,0.2
7/22/05,0.2
7/25/05,0.2
7/26/05,0.2
7/27/05,0.21
7/28/05,0.21
7/29/05,0.21
8/1/05,0.21
8/2/05,0.21
8/3/05,0.21
8/4/05,0.21
8/5/05,0.22
8/8/05,0.22
8/9/05,0.22
8/10/05,0.21
8/11/05,0.22
8/12/05,0.23
8/15/05,0.23
8/16/05,0.23
8/17/05,0.23
8/18/05,0.22
8/19/05,0.22
8/22/05,0.22
8/23/05,0.22
8/24/05,0.22
8/25/05,0.22
8/26/05,0.22
8/29/05,0.22
8/30/05,0.23
8/31/05,0.23
9/1/05,0.23
9/2/05,0.23
9/6/05,0.23
9/7/05,0.24
9/8/05,0.24
9/9/05,0.25
9/12/05,0.25
9/13/05,0.25
9/14/05,0.25
9/15/05,0.25
9/16/05,0.25
9/19/05,0.25
9/20/05,0.26
9/21/05,0.25
9/22/05,0.25
9/23/05,0.25
9/26/05,0.25
9/27/05,0.25
9/28/05,0.25
9/29/05,0.26
9/30/05,0.26
10/3/05,0.27
10/4/05,0.27
10/5/05,0.26
10/6/05,0.26
10/7/05,0.25
10/10/05,0.25
10/11/05,0.24
10/12/05,0.25
10/13/05,0.24
10/14/05,0.24
10/17/05,0.25
10/18/05,0.24
10/19/05,0.24
10/20/05,0.24
10/21/05,0.24
10/24/05,0.25
10/25/05,0.25
10/26/05,0.25
10/27/05,0.24
10/28/05,0.25
10/31/05,0.26
11/1/05,0.25
11/2/05,0.27
11/3/05,0.26
11/4/05,0.26
11/7/05,0.26
11/8/05,0.25
11/9/05,0.27
11/10/05,0.26
11/11/05,0.26
11/14/05,0.27
11/15/05,0.27
11/16/05,0.27
11/17/05,0.28
11/18/05,0.28
11/21/05,0.28
11/22/05,0.29
11/23/05,0.29
11/25/05,0.29
11/28/05,0.29
11/29/05,0.27
11/30/05,0.28
12/1/05,0.28
12/2/05,0.28
12/5/05,0.27
12/6/05,0.28
12/7/05,0.28
12/8/05,0.27
12/9/05,0.28
12/12/05,0.28
12/13/05,0.29
12/14/05,0.28
12/15/05,0.28
12/16/05,0.28
12/19/05,0.28
12/20/05,0.28
12/21/05,0.28
12/22/05,0.28
12/23/05,0.29
12/27/05,0.29
12/28/05,0.29
12/29/05,0.28
12/30/05,0.28
1/3/06,0.29
1/4/06,0.3
1/5/06,0.31
1/6/06,0.31
1/9/06,0.32
1/10/06,0.32
1/11/06,0.33
1/12/06,0.33
1/13/06,0.32
1/17/06,0.32
1/18/06,0.33
1/19/06,0.34
1/20/06,0.33
1/23/06,0.34
1/24/06,0.34
1/25/06,0.34
1/26/06,0.35
1/27/06,0.35
1/30/06,0.35
1/31/06,0.34
2/1/06,0.34
2/2/06,0.33
2/3/06,0.34
2/6/06,0.35
2/7/06,0.33
2/8/06,0.34
2/9/06,0.34
2/10/06,0.34
2/13/06,0.34
2/14/06,0.34
2/15/06,0.34
2/16/06,0.36
2/17/06,0.36
2/21/06,0.36
2/22/06,0.35
2/23/06,0.35
2/24/06,0.35
2/27/06,0.36
2/28/06,0.36
3/1/06,0.37
3/2/06,0.37
3/3/06,0.38
3/6/06,0.37
3/7/06,0.37
3/8/06,0.37
3/9/06,0.37
3/10/06,0.36
3/13/06,0.37
3/14/06,0.38
3/15/06,0.38
3/16/06,0.37
3/17/06,0.37
3/20/06,0.37
3/21/06,0.39
3/22/06,0.38
3/23/06,0.38
3/24/06,0.4
3/27/06,0.41
3/28/06,0.41
3/29/06,0.44
3/30/06,0.44
3/31/06,0.44
4/3/06,0.44
4/4/06,0.46
4/5/06,0.47
4/6/06,0.47
4/7/06,0.47
4/10/06,0.46
4/11/06,0.45
4/12/06,0.47
4/13/06,0.45
4/17/06,0.45
4/18/06,0.44
4/19/06,0.45
4/20/06,0.45
4/21/06,0.43
4/24/06,0.44
4/25/06,0.44
4/26/06,0.44
4/27/06,0.45
4/28/06,0.45
5/1/06,0.47
5/2/06,0.47
5/3/06,0.47
5/4/06,0.47
5/5/06,0.48
5/8/06,0.48
5/9/06,0.46
5/10/06,0.45
5/11/06,0.44
5/12/06,0.4
5/15/06,0.41
5/16/06,0.4
5/17/06,0.38
5/18/06,0.36
5/19/06,0.37
5/22/06,0.37
5/23/06,0.36
5/24/06,0.37
5/25/06,0.37
5/26/06,0.37
5/30/06,0.35
5/31/06,0.35
6/1/06,0.37
6/2/06,0.36
6/5/06,0.35
6/6/06,0.34
6/7/06,0.33
6/8/06,0.33
6/9/06,0.33
6/12/06,0.31
6/13/06,0.3
6/14/06,0.31
6/15/06,0.34
6/16/06,0.33
6/19/06,0.32
6/20/06,0.32
6/21/06,0.32
6/22/06,0.31
6/23/06,0.31
6/26/06,0.31
6/27/06,0.3
6/28/06,0.31
6/29/06,0.33
6/30/06,0.33
7/3/06,0.33
7/5/06,0.32
7/6/06,0.31
7/7/06,0.3
7/10/06,0.28
7/11/06,0.29
7/12/06,0.28
7/13/06,0.27
7/14/06,0.27
7/17/06,0.27
7/18/06,0.29
7/19/06,0.3
7/20/06,0.29
7/21/06,0.27
7/24/06,0.3
7/25/06,0.31
7/26/06,0.31
7/27/06,0.31
7/28/06,0.35
7/31/06,0.34
8/1/06,0.32
8/2/06,0.35
8/3/06,0.37
8/4/06,0.37
8/7/06,0.36
8/8/06,0.37
8/9/06,0.37
8/10/06,0.37
8/11/06,0.36
8/14/06,0.36
8/15/06,0.39
8/16/06,0.42
8/17/06,0.41
8/18/06,0.42
8/21/06,0.4
8/22/06,0.4
8/23/06,0.4
8/24/06,0.41
8/25/06,0.4
8/28/06,0.42
8/29/06,0.44
8/30/06,0.45
8/31/06,0.45
9/1/06,0.43
9/5/06,0.44
9/6/06,0.41
9/7/06,0.42
9/8/06,0.42
9/11/06,0.43
9/12/06,0.44
9/13/06,0.44
9/14/06,0.44
9/15/06,0.45
9/18/06,0.47
9/19/06,0.46
9/20/06,0.47
9/21/06,0.47
9/22/06,0.46
9/25/06,0.47
9/26/06,0.46
9/27/06,0.46
9/28/06,0.45
9/29/06,0.45
10/2/06,0.44
10/3/06,0.43
10/4/06,0.48
10/5/06,0.46
10/6/06,0.47
10/9/06,0.5
10/10/06,0.49
10/11/06,0.49
10/12/06,0.5
10/13/06,0.52
10/16/06,0.52
10/17/06,0.5
10/18/06,0.48
10/19/06,0.49
10/20/06,0.49
10/23/06,0.48
10/24/06,0.5
10/25/06,0.5
10/26/06,0.52
10/27/06,0.49
10/30/06,0.5
10/31/06,0.53
11/1/06,0.49
11/2/06,0.49
11/3/06,0.5
11/6/06,0.51
11/7/06,0.52
11/8/06,0.53
11/9/06,0.54
11/10/06,0.53
11/13/06,0.55
11/14/06,0.56
11/15/06,0.55
11/16/06,0.55
11/17/06,0.56
11/20/06,0.56
11/21/06,0.55
11/22/06,0.56
11/24/06,0.57
11/27/06,0.54
11/28/06,0.55
11/29/06,0.56
11/30/06,0.57
12/1/06,0.54
12/4/06,0.57
12/5/06,0.56
12/6/06,0.56
12/7/06,0.55
12/8/06,0.54
12/11/06,0.55
12/12/06,0.55
12/13/06,0.55
12/14/06,0.56
12/15/06,0.57
12/18/06,0.58
12/19/06,0.59
12/20/06,0.58
12/21/06,0.58
12/22/06,0.57
12/26/06,0.57
12/27/06,0.57
12/28/06,0.57
12/29/06,0.57
1/3/07,0.55
1/4/07,0.55
1/5/07,0.51
1/8/07,0.52
1/9/07,0.51
1/10/07,0.53
1/11/07,0.53
1/12/07,0.54
1/16/07,0.54
1/17/07,0.53
1/18/07,0.48
1/19/07,0.49
1/22/07,0.49
1/23/07,0.49
1/24/07,0.5
1/25/07,0.49
1/26/07,0.48
1/29/07,0.46
1/30/07,0.47
1/31/07,0.47
2/1/07,0.47
2/2/07,0.49
2/5/07,0.49
2/6/07,0.51
2/7/07,0.53
2/8/07,0.53
2/9/07,0.5
2/12/07,0.51
2/13/07,0.52
2/14/07,0.51
2/15/07,0.52
2/16/07,0.5
2/20/07,0.5
2/21/07,0.5
2/22/07,0.5
2/23/07,0.5
2/26/07,0.49
2/27/07,0.48
2/28/07,0.47
3/1/07,0.47
3/2/07,0.46
3/5/07,0.44
3/6/07,0.47
3/7/07,0.45
3/8/07,0.47
3/9/07,0.47
3/12/07,0.46
3/13/07,0.44
3/14/07,0.44
3/15/07,0.44
3/16/07,0.43
3/19/07,0.44
3/20/07,0.43
3/21/07,0.46
3/22/07,0.47
3/23/07,0.46
3/26/07,0.46
3/27/07,0.46
3/28/07,0.45
3/29/07,0.44
3/30/07,0.44
4/2/07,0.44
4/3/07,0.44
4/4/07,0.44
4/5/07,0.47
4/9/07,0.46
4/10/07,0.46
4/11/07,0.45
4/12/07,0.46
4/13/07,0.47
4/16/07,0.47
4/17/07,0.47
4/18/07,0.48
4/19/07,0.48
4/20/07,0.49
4/23/07,0.48
4/24/07,0.5
4/25/07,0.51
4/26/07,0.51
4/27/07,0.51
4/30/07,0.5
5/1/07,0.51
5/2/07,0.5
5/3/07,0.51
5/4/07,0.52
5/7/07,0.51
5/8/07,0.51
5/9/07,0.51
5/10/07,0.5
5/11/07,0.54
5/14/07,0.53
5/15/07,0.53
5/16/07,0.53
5/17/07,0.52
5/18/07,0.54
5/21/07,0.54
5/22/07,0.54
5/23/07,0.53
5/24/07,0.51
5/25/07,0.51
5/29/07,0.52
5/30/07,0.52
5/31/07,0.53
6/1/07,0.53
6/4/07,0.54
6/5/07,0.55
6/6/07,0.56
6/7/07,0.55
6/8/07,0.56
6/11/07,0.56
6/12/07,0.55
6/13/07,0.57
6/14/07,0.58
6/15/07,0.6
6/18/07,0.6
6/19/07,0.61
6/20/07,0.61
6/21/07,0.66
6/22/07,0.67
6/25/07,0.65
6/26/07,0.62
6/27/07,0.64
6/28/07,0.64
6/29/07,0.63
7/2/07,0.66
7/3/07,0.66
7/5/07,0.67
7/6/07,0.67
7/9/07,0.69
7/10/07,0.7
7/11/07,0.69
7/12/07,0.71
7/13/07,0.7
7/16/07,0.71
7/17/07,0.71
7/18/07,0.7
7/19/07,0.7
7/20/07,0.69
7/23/07,0.7
7/24/07,0.68
7/25/07,0.67
7/26/07,0.68
7/27/07,0.68
7/30/07,0.7
7/31/07,0.7
8/1/07,0.69
8/2/07,0.69
8/3/07,0.65
8/6/07,0.66
8/7/07,0.67
8/8/07,0.7
8/9/07,0.71
8/10/07,0.67
8/13/07,0.67
8/14/07,0.69
8/15/07,0.66
8/16/07,0.65
8/17/07,0.69
8/20/07,0.69
8/21/07,0.72
8/22/07,0.74
8/23/07,0.73
8/24/07,0.74
8/27/07,0.75
8/28/07,0.71
8/29/07,0.75
8/30/07,0.74
8/31/07,0.78
9/4/07,0.81
9/5/07,0.8
9/6/07,0.8
9/7/07,0.77
9/10/07,0.78
9/11/07,0.79
9/12/07,0.76
9/13/07,0.76
9/14/07,0.74
9/17/07,0.74
9/18/07,0.8
9/19/07,0.79
9/20/07,0.78
9/21/07,0.79
9/24/07,0.81
9/25/07,0.82
9/26/07,0.84
9/27/07,0.84
9/28/07,0.83
10/1/07,0.87
10/2/07,0.86
10/3/07,0.82
10/4/07,0.83
10/5/07,0.85
10/8/07,0.86
10/9/07,0.85
10/10/07,0.85
10/11/07,0.81
10/12/07,0.83
10/15/07,0.83
10/16/07,0.84
10/17/07,0.91
10/18/07,0.91
10/19/07,0.86
10/22/07,0.9
10/23/07,0.9
10/24/07,0.87
10/25/07,0.8
10/26/07,0.79
10/29/07,0.77
10/30/07,0.8
10/31/07,0.81
11/1/07,0.81
11/2/07,0.84
11/5/07,0.84
11/6/07,0.87
11/7/07,0.83
11/8/07,0.78
11/9/07,0.76
11/12/07,0.69
11/13/07,0.75
11/14/07,0.74
11/15/07,0.73
11/16/07,0.74
11/19/07,0.69
11/20/07,0.69
11/21/07,0.68
11/23/07,0.69
11/26/07,0.68
11/27/07,0.71
11/28/07,0.75
11/29/07,0.76
11/30/07,0.72
12/3/07,0.73
12/4/07,0.73
12/5/07,0.77
12/6/07,0.79
12/7/07,0.78
12/10/07,0.79
12/11/07,0.79
12/12/07,0.81
12/13/07,0.79
12/14/07,0.8
12/17/07,0.76
12/18/07,0.78
12/19/07,0.79
12/20/07,0.81
12/21/07,0.81
12/24/07,0.82
12/26/07,0.83
12/27/07,0.81
12/28/07,0.8
12/31/07,0.78
1/2/08,0.76
1/3/08,0.75
1/4/08,0.69
1/7/08,0.62
1/8/08,0.63
1/9/08,0.66
1/10/08,0.65
1/11/08,0.62
1/14/08,0.66
1/15/08,0.61
1/16/08,0.54
1/17/08,0.53
1/18/08,0.57
1/22/08,0.54
1/23/08,0.55
1/24/08,0.59
1/25/08,0.57
1/28/08,0.57
1/29/08,0.58
1/30/08,0.58
1/31/08,0.56
2/1/08,0.62
2/4/08,0.6
2/5/08,0.56
2/6/08,0.56
2/7/08,0.56
2/8/08,0.57
2/11/08,0.57
2/12/08,0.6
2/13/08,0.62
2/14/08,0.52
2/15/08,0.51
2/19/08,0.5
2/20/08,0.5
2/21/08,0.49
2/22/08,0.51
2/25/08,0.51
2/26/08,0.52
2/27/08,0.52
2/28/08,0.5
2/29/08,0.49
3/3/08,0.48
3/4/08,0.48
3/5/08,0.49
3/6/08,0.45
3/7/08,0.45
3/10/08,0.42
3/11/08,0.44
3/12/08,0.42
3/13/08,0.45
3/14/08,0.42
3/17/08,0.41
3/18/08,0.43
3/19/08,0.4
3/20/08,0.42
3/24/08,0.46
3/25/08,0.47
3/26/08,0.45
3/27/08,0.44
3/28/08,0.45
3/31/08,0.45
4/1/08,0.48
4/2/08,0.47
4/3/08,0.46
4/4/08,0.43
4/7/08,0.44
4/8/08,0.44
4/9/08,0.45
4/10/08,0.46
4/11/08,0.42
4/14/08,0.41
4/15/08,0.42
4/16/08,0.43
4/17/08,0.43
4/18/08,0.44
4/21/08,0.46
4/22/08,0.45
4/23/08,0.47
4/24/08,0.46
4/25/08,0.46
4/28/08,0.45
4/29/08,0.46
4/30/08,0.47
5/1/08,0.49
5/2/08,0.52
5/5/08,0.5
5/6/08,0.52
5/7/08,0.5
5/8/08,0.5
5/9/08,0.52
5/12/08,0.5
5/13/08,0.49
5/14/08,0.51
5/15/08,0.55
5/16/08,0.56
5/19/08,0.55
5/20/08,0.53
5/21/08,0.53
5/22/08,0.54
5/23/08,0.53
5/27/08,0.54
5/28/08,0.54
5/29/08,0.54
5/30/08,0.57
6/2/08,0.57
6/3/08,0.55
6/4/08,0.56
6/5/08,0.57
6/6/08,0.55
6/9/08,0.54
6/10/08,0.51
6/11/08,0.49
6/12/08,0.49
6/13/08,0.49
6/16/08,0.48
6/17/08,0.47
6/18/08,0.46
6/19/08,0.46
6/20/08,0.45
6/23/08,0.44
6/24/08,0.46
6/25/08,0.46
6/26/08,0.44
6/27/08,0.44
6/30/08,0.43
7/1/08,0.43
7/2/08,0.41
7/3/08,0.29
7/7/08,0.28
7/8/08,0.28
7/9/08,0.27
7/10/08,0.27
7/11/08,0.27
7/14/08,0.26
7/15/08,0.26
7/16/08,0.26
7/17/08,0.26
7/18/08,0.27
7/21/08,0.27
7/22/08,0.26
7/23/08,0.27
7/24/08,0.25
7/25/08,0.27
7/28/08,0.26
7/29/08,0.27
7/30/08,0.26
7/31/08,0.26
8/1/08,0.25
8/4/08,0.24
8/5/08,0.26
8/6/08,0.26
8/7/08,0.26
8/8/08,0.25
8/11/08,0.26
8/12/08,0.25
8/13/08,0.28
8/14/08,0.3
8/15/08,0.3
8/18/08,0.3
8/19/08,0.31
8/20/08,0.32
8/21/08,0.31
8/22/08,0.31
8/25/08,0.31
8/26/08,0.3
8/27/08,0.3
8/28/08,0.3
8/29/08,0.29
9/2/08,0.28
9/3/08,0.27
9/4/08,0.26
9/5/08,0.27
9/8/08,0.26
9/9/08,0.25
9/10/08,0.25
9/11/08,0.24
9/12/08,0.23
9/15/08,0.21
9/16/08,0.22
9/17/08,0.23
9/18/08,0.25
9/19/08,0.26
9/22/08,0.26
9/23/08,0.25
9/24/08,0.26
9/25/08,0.26
9/26/08,0.27
9/29/08,0.23
9/30/08,0.25
10/1/08,0.24
10/2/08,0.21
10/3/08,0.21
10/6/08,0.18
10/7/08,0.17
10/8/08,0.17
10/9/08,0.16
10/10/08,0.16
10/13/08,0.18
10/14/08,0.18
10/15/08,0.16
10/16/08,0.18
10/17/08,0.18
10/20/08,0.18
10/21/08,0.17
10/22/08,0.16
10/23/08,0.15
10/24/08,0.15
10/27/08,0.16
10/28/08,0.18
10/29/08,0.19
10/30/08,0.2
10/31/08,0.2
11/3/08,0.19
11/4/08,0.21
11/5/08,0.2
11/6/08,0.17
11/7/08,0.2
11/10/08,0.19
11/11/08,0.18
11/12/08,0.17
11/13/08,0.18
11/14/08,0.16
11/17/08,0.16
11/18/08,0.16
11/19/08,0.14
11/20/08,0.14
11/21/08,0.15
11/24/08,0.16
11/25/08,0.16
11/26/08,0.17
11/28/08,0.17
12/1/08,0.16
12/2/08,0.17
12/3/08,0.17
12/4/08,0.16
12/5/08,0.17
12/8/08,0.16
12/9/08,0.18
12/10/08,0.2
12/11/08,0.19
12/12/08,0.2
12/15/08,0.19
12/16/08,0.2
12/17/08,0.21
12/18/08,0.19
12/19/08,0.2
12/22/08,0.18
12/23/08,0.18
12/24/08,0.18
12/26/08,0.17
12/29/08,0.18
12/30/08,0.18
12/31/08,0.19
1/2/09,0.2
1/5/09,0.2
1/6/09,0.21
1/7/09,0.2
1/8/09,0.19
1/9/09,0.18
1/12/09,0.17
1/13/09,0.18
1/14/09,0.17
1/15/09,0.17
1/16/09,0.18
1/20/09,0.17
1/21/09,0.17
1/22/09,0.17
1/23/09,0.18
1/26/09,0.18
1/27/09,0.19
1/28/09,0.2
1/29/09,0.19
1/30/09,0.18
2/2/09,0.19
2/3/09,0.19
2/4/09,0.2
2/5/09,0.21
2/6/09,0.23
2/9/09,0.22
2/10/09,0.21
2/11/09,0.19
2/12/09,0.19
2/13/09,0.19
2/17/09,0.18
2/18/09,0.18
2/19/09,0.17
2/20/09,0.17
2/23/09,0.17
2/24/09,0.18
2/25/09,0.18
2/26/09,0.19
2/27/09,0.19
3/2/09,0.17
3/3/09,0.18
3/4/09,0.19
3/5/09,0.19
3/6/09,0.19
3/9/09,0.19
3/10/09,0.21
3/11/09,0.21
3/12/09,0.23
3/13/09,0.22
3/16/09,0.22
3/17/09,0.23
3/18/09,0.23
3/19/09,0.23
3/20/09,0.22
3/23/09,0.23
3/24/09,0.22
3/25/09,0.23
3/26/09,0.24
3/27/09,0.24
3/30/09,0.22
3/31/09,0.23
4/1/09,0.23
4/2/09,0.24
4/3/09,0.26
4/6/09,0.26
4/7/09,0.25
4/8/09,0.26
4/9/09,0.28
4/13/09,0.27
4/14/09,0.27
4/15/09,0.26
4/16/09,0.27
4/17/09,0.27
4/20/09,0.25
4/21/09,0.25
4/22/09,0.26
4/23/09,0.26
4/24/09,0.26
4/27/09,0.25
4/28/09,0.25
4/29/09,0.25
4/30/09,0.26
5/1/09,0.27
5/4/09,0.28
5/5/09,0.27
5/6/09,0.27
5/7/09,0.25
5/8/09,0.21
5/11/09,0.22
5/12/09,0.21
5/13/09,0.19
5/14/09,0.2
5/15/09,0.2
5/18/09,0.21
5/19/09,0.22
5/20/09,0.22
5/21/09,0.22
5/22/09,0.23
5/26/09,0.24
5/27/09,0.24
5/28/09,0.24
5/29/09,0.24
6/1/09,0.25
6/2/09,0.25
6/3/09,0.24
6/4/09,0.25
6/5/09,0.25
6/8/09,0.25
6/9/09,0.26
6/10/09,0.27
6/11/09,0.27
6/12/09,0.26
6/15/09,0.26
6/16/09,0.25
6/17/09,0.26
6/18/09,0.25
6/19/09,0.26
6/22/09,0.24
6/23/09,0.24
6/24/09,0.25
6/25/09,0.26
6/26/09,0.27
6/29/09,0.27
6/30/09,0.26
7/1/09,0.26
7/2/09,0.25
7/6/09,0.24
7/7/09,0.23
7/8/09,0.23
7/9/09,0.24
7/10/09,0.24
7/13/09,0.24
7/14/09,0.25
7/15/09,0.26
7/16/09,0.27
7/17/09,0.28
7/20/09,0.28
7/21/09,0.27
7/22/09,0.28
7/23/09,0.3
7/24/09,0.3
7/27/09,0.3
7/28/09,0.3
7/29/09,0.29
7/30/09,0.3
7/31/09,0.3
8/3/09,0.3
8/4/09,0.31
8/5/09,0.31
8/6/09,0.3
8/7/09,0.31
8/10/09,0.3
8/11/09,0.3
8/12/09,0.31
8/13/09,0.32
8/14/09,0.31
8/17/09,0.29
8/18/09,0.31
8/19/09,0.3
8/20/09,0.31
8/21/09,0.32
8/24/09,0.31
8/25/09,0.31
8/26/09,0.32
8/27/09,0.32
8/28/09,0.34
8/31/09,0.33
9/1/09,0.32
9/2/09,0.33
9/3/09,0.33
9/4/09,0.35
9/8/09,0.36
9/9/09,0.37
9/10/09,0.38
9/11/09,0.37
9/14/09,0.37
9/15/09,0.38
9/16/09,0.37
9/17/09,0.35
9/18/09,0.35
9/21/09,0.35
9/22/09,0.35
9/23/09,0.34
9/24/09,0.34
9/25/09,0.33
9/28/09,0.34
9/29/09,0.33
9/30/09,0.34
10/1/09,0.32
10/2/09,0.32
10/5/09,0.32
10/6/09,0.32
10/7/09,0.32
10/8/09,0.32
10/9/09,0.32
10/12/09,0.32
10/13/09,0.32
10/14/09,0.32
10/15/09,0.31
10/16/09,0.3
10/19/09,0.31
10/20/09,0.31
10/21/09,0.31
10/22/09,0.31
10/23/09,0.3
10/26/09,0.3
10/27/09,0.29
10/28/09,0.28
10/29/09,0.29
10/30/09,0.27
11/2/09,0.28
11/3/09,0.28
11/4/09,0.27
11/5/09,0.28
11/6/09,0.3
11/9/09,0.31
11/10/09,0.3
11/11/09,0.31
11/12/09,0.31
11/13/09,0.31
11/16/09,0.32
11/17/09,0.31
11/18/09,0.31
11/19/09,0.3
11/20/09,0.3
11/23/09,0.3
11/24/09,0.3
11/25/09,0.3
11/27/09,0.29
11/30/09,0.3
12/1/09,0.31
12/2/09,0.31
12/3/09,0.32
12/4/09,0.33
12/7/09,0.37
12/8/09,0.35
12/9/09,0.36
12/10/09,0.35
12/11/09,0.35
12/14/09,0.36
12/15/09,0.36
12/16/09,0.39
12/17/09,0.39
12/18/09,0.39
12/21/09,0.4
12/22/09,0.41
12/23/09,0.42
12/24/09,0.41
12/28/09,0.41
12/29/09,0.41
12/30/09,0.43
12/31/09,0.43
1/4/10,0.42
1/5/10,0.43
1/6/10,0.43
1/7/10,0.42
1/8/10,0.43
1/11/10,0.42
1/12/10,0.41
1/13/10,0.41
1/14/10,0.4
1/15/10,0.39
1/19/10,0.4
1/20/10,0.4
1/21/10,0.39
1/22/10,0.38
1/25/10,0.38
1/26/10,0.37
1/27/10,0.38
1/28/10,0.37
1/29/10,0.35
2/1/10,0.38
2/2/10,0.38
2/3/10,0.39
2/4/10,0.36
2/5/10,0.37
2/8/10,0.37
2/9/10,0.37
2/10/10,0.38
2/11/10,0.39
2/12/10,0.4
2/16/10,0.41
2/17/10,0.41
2/18/10,0.38
2/19/10,0.38
2/22/10,0.38
2/23/10,0.37
2/24/10,0.38
2/25/10,0.38
2/26/10,0.37
3/1/10,0.39
3/2/10,0.39
3/3/10,0.38
3/4/10,0.38
3/5/10,0.39
3/8/10,0.39
3/9/10,0.4
3/10/10,0.4
3/11/10,0.39
3/12/10,0.4
3/15/10,0.39
3/16/10,0.41
3/17/10,0.42
3/18/10,0.4
3/19/10,0.4
3/22/10,0.4
3/23/10,0.41
3/24/10,0.4
3/25/10,0.4
3/26/10,0.4
3/29/10,0.4
3/30/10,0.4
3/31/10,0.4
4/1/10,0.39
4/5/10,0.4
4/6/10,0.39
4/7/10,0.39
4/8/10,0.39
4/9/10,0.39
4/12/10,0.4
4/13/10,0.4
4/14/10,0.41
4/15/10,0.41
4/16/10,0.39
4/19/10,0.39
4/20/10,0.39
4/21/10,0.38
4/22/10,0.38
4/23/10,0.38
4/26/10,0.38
4/27/10,0.37
4/28/10,0.37
4/29/10,0.38
4/30/10,0.36
5/3/10,0.36
5/4/10,0.34
5/5/10,0.33
5/6/10,0.33
5/7/10,0.32
5/10/10,0.33
5/11/10,0.33
5/12/10,0.34
5/13/10,0.34
5/14/10,0.3
5/17/10,0.3
5/18/10,0.29
5/19/10,0.29
5/20/10,0.29
5/21/10,0.29
5/24/10,0.28
5/25/10,0.29
5/26/10,0.29
5/27/10,0.31
5/28/10,0.3
6/1/10,0.29
6/2/10,0.29
6/3/10,0.29
6/4/10,0.28
6/7/10,0.26
6/8/10,0.26
6/9/10,0.25
6/10/10,0.26
6/11/10,0.27
6/14/10,0.26
6/15/10,0.27
6/16/10,0.27
6/17/10,0.28
6/18/10,0.28
6/21/10,0.28
6/22/10,0.27
6/23/10,0.27
6/24/10,0.25
6/25/10,0.25
6/28/10,0.25
6/29/10,0.24
6/30/10,0.23
7/1/10,0.24
7/2/10,0.24
7/6/10,0.23
7/7/10,0.24
7/8/10,0.24
7/9/10,0.24
7/12/10,0.24
7/13/10,0.25
7/14/10,0.25
7/15/10,0.25
7/16/10,0.23
7/19/10,0.24
7/20/10,0.25
7/21/10,0.24
7/22/10,0.24
7/23/10,0.24
7/26/10,0.24
7/27/10,0.24
7/28/10,0.23
7/29/10,0.21
7/30/10,0.21
8/2/10,0.21
8/3/10,0.21
8/4/10,0.21
8/5/10,0.22
8/6/10,0.22
8/9/10,0.22
8/10/10,0.21
8/11/10,0.2
8/12/10,0.21
8/13/10,0.22
8/16/10,0.21
8/17/10,0.21
8/18/10,0.21
8/19/10,0.23
8/20/10,0.23
8/23/10,0.23
8/24/10,0.22
8/25/10,0.23
8/26/10,0.22
8/27/10,0.23
8/30/10,0.22
8/31/10,0.21
9/1/10,0.22
9/2/10,0.22
9/3/10,0.23
9/7/10,0.23
9/8/10,0.24
9/9/10,0.23
9/10/10,0.23
9/13/10,0.24
9/14/10,0.24
9/15/10,0.24
9/16/10,0.24
9/17/10,0.24
9/20/10,0.25
9/21/10,0.26
9/22/10,0.26
9/23/10,0.27
9/24/10,0.28
9/27/10,0.28
9/28/10,0.27
9/29/10,0.27
9/30/10,0.27
10/1/10,0.26
10/4/10,0.26
10/5/10,0.26
10/6/10,0.25
10/7/10,0.25
10/8/10,0.25
10/11/10,0.25
10/12/10,0.25
10/13/10,0.26
10/14/10,0.26
10/15/10,0.26
10/18/10,0.26
10/19/10,0.26
10/20/10,0.26
10/21/10,0.25
10/22/10,0.27
10/25/10,0.27
10/26/10,0.27
10/27/10,0.28
10/28/10,0.28
10/29/10,0.28
11/1/10,0.28
11/2/10,0.28
11/3/10,0.28
11/4/10,0.28
11/5/10,0.29
11/8/10,0.29
11/9/10,0.29
11/10/10,0.29
11/11/10,0.29
11/12/10,0.3
11/15/10,0.3
11/16/10,0.29
11/17/10,0.3
11/18/10,0.31
11/19/10,0.32
11/22/10,0.32
11/23/10,0.31
11/24/10,0.32
11/26/10,0.31
11/29/10,0.32
11/30/10,0.31
12/1/10,0.33
12/2/10,0.33
12/3/10,0.34
12/6/10,0.33
12/7/10,0.34
12/8/10,0.35
12/9/10,0.34
12/10/10,0.34
12/13/10,0.33
12/14/10,0.33
12/15/10,0.33
12/16/10,0.33
12/17/10,0.33
12/20/10,0.33
12/21/10,0.34
12/22/10,0.34
12/23/10,0.34
12/27/10,0.34
12/28/10,0.34
12/29/10,0.34
12/30/10,0.34
12/31/10,0.35
1/3/11,0.36
1/4/11,0.36
1/5/11,0.39
1/6/11,0.44
1/7/11,0.46
1/10/11,0.47
1/11/11,0.47
1/12/11,0.54
1/13/11,0.54
1/14/11,0.54
1/18/11,0.53
1/19/11,0.51
1/20/11,0.51
1/21/11,0.51
1/24/11,0.57
1/25/11,0.55
1/26/11,0.56
1/27/11,0.56
1/28/11,0.54
1/31/11,0.55
2/1/11,0.56
2/2/11,0.59
2/3/11,0.58
2/4/11,0.59
2/7/11,0.56
2/8/11,0.55
2/9/11,0.53
2/10/11,0.52
2/11/11,0.54
2/14/11,0.53
2/15/11,0.52
2/16/11,0.54
2/17/11,0.59
2/18/11,0.59
2/22/11,0.53
2/23/11,0.51
2/24/11,0.52
2/25/11,0.53
2/28/11,0.52
3/1/11,0.5
3/2/11,0.48
3/3/11,0.48
3/4/11,0.48
3/7/11,0.47
3/8/11,0.45
3/9/11,0.44
3/10/11,0.41
3/11/11,0.41
3/14/11,0.42
3/15/11,0.4
3/16/11,0.4
3/17/11,0.41
3/18/11,0.4
3/21/11,0.41
3/22/11,0.4
3/23/11,0.41
3/24/11,0.44
3/25/11,0.43
3/28/11,0.44
3/29/11,0.44
3/30/11,0.42
3/31/11,0.42
4/1/11,0.42
4/4/11,0.4
4/5/11,0.4
4/6/11,0.4
4/7/11,0.42
4/8/11,0.4
4/11/11,0.4
4/12/11,0.4
4/13/11,0.41
4/14/11,0.42
4/15/11,0.43
4/18/11,0.41
4/19/11,0.41
4/20/11,0.43
4/21/11,0.42
4/25/11,0.43
4/26/11,0.44
4/27/11,0.44
4/28/11,0.45
4/29/11,0.46
5/2/11,0.45
5/3/11,0.43
5/4/11,0.43
5/5/11,0.43
5/6/11,0.44
5/9/11,0.45
5/10/11,0.45
5/11/11,0.46
5/12/11,0.47
5/13/11,0.42
5/16/11,0.41
5/17/11,0.4
5/18/11,0.41
5/19/11,0.41
5/20/11,0.41
5/23/11,0.41
5/24/11,0.42
5/25/11,0.42
5/26/11,0.43
5/27/11,0.45
5/31/11,0.46
6/1/11,0.44
6/2/11,0.44
6/3/11,0.42
6/6/11,0.41
6/7/11,0.41
6/8/11,0.4
6/9/11,0.4
6/10/11,0.39
6/13/11,0.39
6/14/11,0.39
6/15/11,0.38
6/16/11,0.37
6/17/11,0.36
6/20/11,0.36
6/21/11,0.37
6/22/11,0.36
6/23/11,0.37
6/24/11,0.36
6/27/11,0.35
6/28/11,0.36
6/29/11,0.36
6/30/11,0.37
7/1/11,0.37
7/5/11,0.36
7/6/11,0.36
7/7/11,0.36
7/8/11,0.35
7/11/11,0.34
7/12/11,0.34
7/13/11,0.34
7/14/11,0.32
7/15/11,0.32
7/18/11,0.32
7/19/11,0.33
7/20/11,0.32
7/21/11,0.34
7/22/11,0.34
7/25/11,0.34
7/26/11,0.33
7/27/11,0.32
7/28/11,0.32
7/29/11,0.32
8/1/11,0.33
8/2/11,0.33
8/3/11,0.34
8/4/11,0.31
8/5/11,0.3
8/8/11,0.27
8/9/11,0.3
8/10/11,0.28
8/11/11,0.31
8/12/11,0.3
8/15/11,0.31
8/16/11,0.3
8/17/11,0.29
8/18/11,0.27
8/19/11,0.27
8/22/11,0.27
8/23/11,0.3
8/24/11,0.3
8/25/11,0.29
8/26/11,0.3
8/29/11,0.31
8/30/11,0.31
8/31/11,0.31
9/1/11,0.3
9/2/11,0.3
9/6/11,0.3
9/7/11,0.33
9/8/11,0.33
9/9/11,0.32
9/12/11,0.33
9/13/11,0.33
9/14/11,0.35
9/15/11,0.36
9/16/11,0.35
9/19/11,0.35
9/20/11,0.34
9/21/11,0.33
9/22/11,0.31
9/23/11,0.32
9/26/11,0.32
9/27/11,0.32
9/28/11,0.31
9/29/11,0.3
9/30/11,0.29
10/3/11,0.27
10/4/11,0.3
10/5/11,0.31
10/6/11,0.32
10/7/11,0.32
10/10/11,0.34
10/11/11,0.34
10/12/11,0.34
10/13/11,0.35
10/14/11,0.36
10/17/11,0.34
10/18/11,0.35
10/19/11,0.35
10/20/11,0.33
10/21/11,0.33
10/24/11,0.34
10/25/11,0.33
10/26/11,0.34
10/27/11,0.35
10/28/11,0.36
10/31/11,0.34
11/1/11,0.32
11/2/11,0.32
11/3/11,0.34
11/4/11,0.34
11/7/11,0.34
11/8/11,0.35
11/9/11,0.33
11/10/11,0.33
11/11/11,0.34
11/14/11,0.34
11/15/11,0.34
11/16/11,0.33
11/17/11,0.32
11/18/11,0.32
11/21/11,0.34
11/22/11,0.35
11/23/11,0.33
11/25/11,0.32
11/28/11,0.34
11/29/11,0.34
11/30/11,0.36
12/1/11,0.36
12/2/11,0.36
12/5/11,0.35
12/6/11,0.35
12/7/11,0.35
12/8/11,0.34
12/9/11,0.34
12/12/11,0.33
12/13/11,0.32
12/14/11,0.31
12/15/11,0.31
12/16/11,0.31
12/19/11,0.3
12/20/11,0.32
12/21/11,0.31
12/22/11,0.33
12/23/11,0.32
12/27/11,0.32
12/28/11,0.31
12/29/11,0.32
12/30/11,0.32
1/3/12,0.32
1/4/12,0.33
1/5/12,0.34
1/6/12,0.33
1/9/12,0.33
1/10/12,0.33
1/11/12,0.33
1/12/12,0.32
1/13/12,0.31
1/17/12,0.31
1/18/12,0.32
1/19/12,0.33
1/20/12,0.33
1/23/12,0.34
1/24/12,0.34
1/25/12,0.34
1/26/12,0.34
1/27/12,0.34
1/30/12,0.34
1/31/12,0.34
2/1/12,0.34
2/2/12,0.36
2/3/12,0.36
2/6/12,0.36
2/7/12,0.36
2/8/12,0.37
2/9/12,0.37
2/10/12,0.36
2/13/12,0.37
2/14/12,0.37
2/15/12,0.37
2/16/12,0.38
2/17/12,0.36
2/21/12,0.37
2/22/12,0.36
2/23/12,0.36
2/24/12,0.36
2/27/12,0.35
2/28/12,0.35
2/29/12,0.35
3/1/12,0.35
3/2/12,0.35
3/5/12,0.34
3/6/12,0.34
3/7/12,0.34
3/8/12,0.34
3/9/12,0.34
3/12/12,0.33
3/13/12,0.34
3/14/12,0.33
3/15/12,0.33
3/16/12,0.33
3/19/12,0.34
3/20/12,0.33
3/21/12,0.33
3/22/12,0.33
3/23/12,0.33
3/26/12,0.34
3/27/12,0.34
3/28/12,0.35
3/29/12,0.35
3/30/12,0.35
4/2/12,0.35
4/3/12,0.35
4/4/12,0.34
4/5/12,0.34
4/9/12,0.33
4/10/12,0.32
4/11/12,0.33
4/12/12,0.34
4/13/12,0.32
4/16/12,0.32
4/17/12,0.32
4/18/12,0.32
4/19/12,0.31
4/20/12,0.31
4/23/12,0.3
4/24/12,0.29
4/25/12,0.3
4/26/12,0.3
4/27/12,0.3
4/30/12,0.3
5/1/12,0.3
5/2/12,0.29
5/3/12,0.29
5/4/12,0.28
5/7/12,0.29
5/8/12,0.29
5/9/12,0.29
5/10/12,0.28
5/11/12,0.3
5/14/12,0.3
5/15/12,0.3
5/16/12,0.29
5/17/12,0.29
5/18/12,0.28
5/21/12,0.28
5/22/12,0.28
5/23/12,0.29
5/24/12,0.28
5/25/12,0.28
5/29/12,0.29
5/30/12,0.29
5/31/12,0.29
6/1/12,0.27
6/4/12,0.27
6/5/12,0.28
6/6/12,0.28
6/7/12,0.27
6/8/12,0.28
6/11/12,0.28
6/12/12,0.29
6/13/12,0.28
6/14/12,0.28
6/15/12,0.28
6/18/12,0.28
6/19/12,0.3
6/20/12,0.31
6/21/12,0.29
6/22/12,0.3
6/25/12,0.29
6/26/12,0.29
6/27/12,0.3
6/28/12,0.3
6/29/12,0.32
7/2/12,0.31
7/3/12,0.32
7/5/12,0.31
7/6/12,0.31
7/9/12,0.3
7/10/12,0.29
7/11/12,0.29
7/12/12,0.28
7/13/12,0.29
7/16/12,0.29
7/17/12,0.28
7/18/12,0.3
7/19/12,0.3
7/20/12,0.29
7/23/12,0.3
7/24/12,0.29
7/25/12,0.3
7/26/12,0.3
7/27/12,0.31
7/30/12,0.31
7/31/12,0.31
8/1/12,0.31
8/2/12,0.31
8/3/12,0.31
8/6/12,0.32
8/7/12,0.32
8/8/12,0.33
8/9/12,0.34
8/10/12,0.34
8/13/12,0.34
8/14/12,0.33
8/15/12,0.33
8/16/12,0.34
8/17/12,0.34
8/20/12,0.34
8/21/12,0.34
8/22/12,0.34
8/23/12,0.33
8/24/12,0.33
8/27/12,0.33
8/28/12,0.33
8/29/12,0.33
8/30/12,0.32
8/31/12,0.32
9/4/12,0.3
9/5/12,0.31
9/6/12,0.31
9/7/12,0.31
9/10/12,0.3
9/11/12,0.31
9/12/12,0.31
9/13/12,0.31
9/14/12,0.32
9/17/12,0.31
9/18/12,0.31
9/19/12,0.31
9/20/12,0.31
9/21/12,0.31
9/24/12,0.31
9/25/12,0.31
9/26/12,0.3
9/27/12,0.3
9/28/12,0.31
10/1/12,0.3
10/2/12,0.3
10/3/12,0.3
10/4/12,0.31
10/5/12,0.3
10/8/12,0.3
10/9/12,0.3
10/10/12,0.29
10/11/12,0.29
10/12/12,0.29
10/15/12,0.29
10/16/12,0.3
10/17/12,0.3
10/18/12,0.29
10/19/12,0.28
10/22/12,0.27
10/23/12,0.28
10/24/12,0.28
10/25/12,0.28
10/26/12,0.28
10/31/12,0.27
11/1/12,0.29
11/2/12,0.29
11/5/12,0.3
11/6/12,0.3
11/7/12,0.29
11/8/12,0.29
11/9/12,0.28
11/12/12,0.27
11/13/12,0.27
11/14/12,0.26
11/15/12,0.27
11/16/12,0.26
11/19/12,0.27
11/20/12,0.27
11/21/12,0.27
11/23/12,0.27
11/26/12,0.28
11/27/12,0.28
11/28/12,0.28
11/29/12,0.28
11/30/12,0.28
12/3/12,0.27
12/4/12,0.28
12/5/12,0.28
12/6/12,0.28
12/7/12,0.28
12/10/12,0.29
12/11/12,0.29
12/12/12,0.29
12/13/12,0.29
12/14/12,0.29
12/17/12,0.29
12/18/12,0.29
12/19/12,0.29
12/20/12,0.29
12/21/12,0.29
12/24/12,0.28
12/26/12,0.28
12/27/12,0.28
12/28/12,0.28
12/31/12,0.28
1/2/13,0.29
1/3/13,0.29
1/4/13,0.3
1/7/13,0.29
1/8/13,0.29
1/9/13,0.28
1/10/13,0.28
1/11/13,0.28
1/14/13,0.28
1/15/13,0.28
1/16/13,0.28
1/17/13,0.28
1/18/13,0.28
1/22/13,0.28
1/23/13,0.28
1/24/13,0.28
1/25/13,0.29
1/28/13,0.29
1/29/13,0.28
1/30/13,0.28
1/31/13,0.28
2/1/13,0.29
2/4/13,0.28
2/5/13,0.29
2/6/13,0.28
2/7/13,0.28
2/8/13,0.29
2/11/13,0.29
2/12/13,0.29
2/13/13,0.29
2/14/13,0.29
2/15/13,0.29
2/19/13,0.29
2/20/13,0.29
2/21/13,0.28
2/22/13,0.29
2/25/13,0.28
2/26/13,0.29
2/27/13,0.29
2/28/13,0.29
3/1/13,0.3
3/4/13,0.29
3/5/13,0.3
3/6/13,0.3
3/7/13,0.3
3/8/13,0.3
3/11/13,0.29
3/12/13,0.3
3/13/13,0.3
3/14/13,0.3
3/15/13,0.29
3/18/13,0.29
3/19/13,0.29
3/20/13,0.29
3/21/13,0.29
3/22/13,0.29
3/25/13,0.29
3/26/13,0.29
3/27/13,0.29
3/28/13,0.3
4/1/13,0.29
4/2/13,0.29
4/3/13,0.28
4/4/13,0.28
4/5/13,0.29
4/8/13,0.29
4/9/13,0.29
4/10/13,0.3
4/11/13,0.3
4/12/13,0.3
4/15/13,0.3
4/16/13,0.3
4/17/13,0.3
4/18/13,0.29
4/19/13,0.29
4/22/13,0.29
4/23/13,0.3
4/24/13,0.31
4/25/13,0.31
4/26/13,0.31
4/29/13,0.32
4/30/13,0.32
5/1/13,0.32
5/2/13,0.32
5/3/13,0.32
5/6/13,0.32
5/7/13,0.32
5/8/13,0.32
5/9/13,0.32
5/10/13,0.34
5/13/13,0.33
5/14/13,0.34
5/15/13,0.34
5/16/13,0.34
5/17/13,0.35
5/20/13,0.34
5/21/13,0.35
5/22/13,0.34
5/23/13,0.34
5/24/13,0.34
5/28/13,0.34
5/29/13,0.34
5/30/13,0.34
5/31/13,0.34
6/3/13,0.34
6/4/13,0.34
6/5/13,0.33
6/6/13,0.33
6/7/13,0.34
6/10/13,0.34
6/11/13,0.33
6/12/13,0.33
6/13/13,0.34
6/14/13,0.33
6/17/13,0.34
6/18/13,0.34
6/19/13,0.35
6/20/13,0.34
6/21/13,0.34
6/24/13,0.33
6/25/13,0.33
6/26/13,0.33
6/27/13,0.33
6/28/13,0.33
7/1/13,0.33
7/2/13,0.33
7/3/13,0.33
7/5/13,0.33
7/8/13,0.33
7/9/13,0.33
7/10/13,0.34
7/11/13,0.34
7/12/13,0.34
7/15/13,0.34
7/16/13,0.34
7/17/13,0.34
7/18/13,0.34
7/19/13,0.33
7/22/13,0.33
7/23/13,0.33
7/24/13,0.33
7/25/13,0.33
7/26/13,0.33
7/29/13,0.33
7/30/13,0.34
7/31/13,0.34
8/1/13,0.34
8/2/13,0.34
8/5/13,0.35
8/6/13,0.34
8/7/13,0.34
8/8/13,0.34
8/9/13,0.34
8/12/13,0.34
8/13/13,0.34
8/14/13,0.35
8/15/13,0.35
8/16/13,0.35
8/19/13,0.35
8/20/13,0.35
8/21/13,0.35
8/22/13,0.35
8/23/13,0.35
8/26/13,0.35
8/27/13,0.35
8/28/13,0.35
8/29/13,0.35
8/30/13,0.35
9/3/13,0.35
9/4/13,0.35
9/5/13,0.35
9/6/13,0.35
9/9/13,0.35
9/10/13,0.36
9/11/13,0.37
9/12/13,0.37
9/13/13,0.37
9/16/13,0.37
9/17/13,0.37
9/18/13,0.38
9/19/13,0.37
9/20/13,0.37
9/23/13,0.37
9/24/13,0.37
9/25/13,0.37
9/26/13,0.37
9/27/13,0.37
9/30/13,0.36
10/1/13,0.36
10/2/13,0.36
10/3/13,0.36
10/4/13,0.37
10/7/13,0.37
10/8/13,0.36
10/9/13,0.36
10/10/13,0.36
10/11/13,0.36
10/14/13,0.36
10/15/13,0.36
10/16/13,0.37
10/17/13,0.37
10/18/13,0.37
10/21/13,0.37
10/22/13,0.37
10/23/13,0.36
10/24/13,0.36
10/25/13,0.36
10/28/13,0.36
10/29/13,0.36
10/30/13,0.36
10/31/13,0.36
11/1/13,0.36
11/4/13,0.35
11/5/13,0.35
11/6/13,0.35
11/7/13,0.34
11/8/13,0.36
11/11/13,0.37
11/12/13,0.37
11/13/13,0.38
11/14/13,0.38
11/15/13,0.38
11/18/13,0.37
11/19/13,0.36
11/20/13,0.36
11/21/13,0.36
11/22/13,0.36
11/25/13,0.37
11/26/13,0.37
11/27/13,0.37
11/29/13,0.37
12/2/13,0.37
12/3/13,0.37
12/4/13,0.38
12/5/13,0.37
12/6/13,0.36
12/9/13,0.36
12/10/13,0.37
12/11/13,0.36
12/12/13,0.36
12/13/13,0.35
12/16/13,0.35
12/17/13,0.36
12/18/13,0.36
12/19/13,0.36
12/20/13,0.37
12/23/13,0.37
12/24/13,0.37
12/26/13,0.37
12/27/13,0.37
12/30/13,0.38
12/31/13,0.38
1/2/14,0.37
1/3/14,0.37
1/6/14,0.37
1/7/14,0.38
1/8/14,0.39
1/9/14,0.37
1/10/14,0.37
1/13/14,0.36
1/14/14,0.37
1/15/14,0.38
1/16/14,0.38
1/17/14,0.38
1/21/14,0.38
1/22/14,0.38
1/23/14,0.38
1/24/14,0.37
1/27/14,0.36
1/28/14,0.37
1/29/14,0.36
1/30/14,0.37
1/31/14,0.37
2/3/14,0.37
2/4/14,0.37
2/5/14,0.36
2/6/14,0.37
2/7/14,0.37
2/10/14,0.38
2/11/14,0.38
2/12/14,0.4
2/13/14,0.41
2/14/14,0.42
2/18/14,0.42
2/19/14,0.43
2/20/14,0.44
2/21/14,0.44
2/24/14,0.45
2/25/14,0.44
2/26/14,0.44
2/27/14,0.44
2/28/14,0.44
3/3/14,0.43
3/4/14,0.44
3/5/14,0.44
3/6/14,0.44
3/7/14,0.43
3/10/14,0.43
3/11/14,0.43
3/12/14,0.43
3/13/14,0.42
3/14/14,0.42
3/17/14,0.42
3/18/14,0.43
3/19/14,0.44
3/20/14,0.44
3/21/14,0.44
3/24/14,0.44
3/25/14,0.44
3/26/14,0.43
3/27/14,0.42
3/28/14,0.42
3/31/14,0.42
4/1/14,0.44
4/2/14,0.44
4/3/14,0.44
4/4/14,0.43
4/7/14,0.43
4/8/14,0.45
4/9/14,0.45
4/10/14,0.44
4/11/14,0.43
4/14/14,0.43
4/15/14,0.44
4/16/14,0.44
4/17/14,0.44
4/21/14,0.44
4/22/14,0.45
4/23/14,0.45
4/24/14,0.46
4/25/14,0.44
4/28/14,0.44
4/29/14,0.44
4/30/14,0.44
5/1/14,0.44
5/2/14,0.44
5/5/14,0.44
5/6/14,0.43
5/7/14,0.43
5/8/14,0.44
5/9/14,0.43
5/12/14,0.44
5/13/14,0.43
5/14/14,0.43
5/15/14,0.43
5/16/14,0.43
5/19/14,0.44
5/20/14,0.43
5/21/14,0.43
5/22/14,0.44
5/23/14,0.44
5/27/14,0.45
5/28/14,0.45
5/29/14,0.45
5/30/14,0.45
6/2/14,0.45
6/3/14,0.45
6/4/14,0.45
6/5/14,0.45
6/6/14,0.45
6/9/14,0.45
6/10/14,0.46
6/11/14,0.46
6/12/14,0.46
6/13/14,0.47
6/16/14,0.46
6/17/14,0.47
6/18/14,0.47
6/19/14,0.46
6/20/14,0.45
6/23/14,0.45
6/24/14,0.44
6/25/14,0.44
6/26/14,0.44
6/27/14,0.44
6/30/14,0.44
7/1/14,0.45
7/2/14,0.44
7/3/14,0.45
7/7/14,0.45
7/8/14,0.44
7/9/14,0.45
7/10/14,0.45
7/11/14,0.45
7/14/14,0.46
7/15/14,0.46
7/16/14,0.46
7/17/14,0.46
7/18/14,0.44
7/21/14,0.44
7/22/14,0.44
7/23/14,0.43
7/24/14,0.43
7/25/14,0.42
7/28/14,0.42
7/29/14,0.42
7/30/14,0.43
7/31/14,0.42
8/1/14,0.42
8/4/14,0.42
8/5/14,0.42
8/6/14,0.42
8/7/14,0.42
8/8/14,0.45
8/11/14,0.45
8/12/14,0.45
8/13/14,0.45
8/14/14,0.45
8/15/14,0.45
8/18/14,0.46
8/19/14,0.46
8/20/14,0.46
8/21/14,0.46
8/22/14,0.46
8/25/14,0.46
8/26/14,0.46
8/27/14,0.46
8/28/14,0.46
8/29/14,0.46
9/2/14,0.47
9/3/14,0.47
9/4/14,0.48
9/5/14,0.48
9/8/14,0.47
9/9/14,0.47
9/10/14,0.47
9/11/14,0.46
9/12/14,0.46
9/15/14,0.45
9/16/14,0.46
9/17/14,0.46
9/18/14,0.46
9/19/14,0.46
9/22/14,0.45
9/23/14,0.45
9/24/14,0.45
9/25/14,0.44
9/26/14,0.44
9/29/14,0.44
9/30/14,0.44
10/1/14,0.44
10/2/14,0.43
10/3/14,0.44
10/6/14,0.43
10/7/14,0.43
10/8/14,0.44
10/9/14,0.43
10/10/14,0.4
10/13/14,0.4
10/14/14,0.41
10/15/14,0.42
10/16/14,0.42
10/17/14,0.42
10/20/14,0.42
10/21/14,0.44
10/22/14,0.43
10/23/14,0.44
10/24/14,0.44
10/27/14,0.44
10/28/14,0.45
10/29/14,0.45
10/30/14,0.45
10/31/14,0.47
11/3/14,0.47
11/4/14,0.48
11/5/14,0.48
11/6/14,0.48
11/7/14,0.47
11/10/14,0.48
11/11/14,0.47
11/12/14,0.47
11/13/14,0.47
11/14/14,0.47
11/17/14,0.47
11/18/14,0.48
11/19/14,0.48
11/20/14,0.49
11/21/14,0.49
11/24/14,0.49
11/25/14,0.49
11/26/14,0.5
11/28/14,0.5
12/1/14,0.49
12/2/14,0.49
12/3/14,0.51
12/4/14,0.5
12/5/14,0.51
12/8/14,0.5
12/9/14,0.5
12/10/14,0.49
12/11/14,0.49
12/12/14,0.47
12/15/14,0.47
12/16/14,0.46
12/17/14,0.48
12/18/14,0.49
12/19/14,0.49
12/22/14,0.5
12/23/14,0.5
12/24/14,0.49
12/26/14,0.49
12/29/14,0.49
12/30/14,0.49
12/31/14,0.48
1/2/15,0.48
1/5/15,0.48
1/6/15,0.46
1/7/15,0.46
1/8/15,0.48
1/9/15,0.48
1/12/15,0.47
1/13/15,0.47
1/14/15,0.47
1/15/15,0.47
1/16/15,0.48
1/20/15,0.48
1/21/15,0.49
1/22/15,0.5
1/23/15,0.5
1/26/15,0.49
1/27/15,0.47
1/28/15,0.46
1/29/15,0.47
1/30/15,0.46
2/2/15,0.47
2/3/15,0.48
2/4/15,0.48
2/5/15,0.49
2/6/15,0.49
2/9/15,0.49
2/10/15,0.5
2/11/15,0.5
2/12/15,0.54
2/13/15,0.54
2/17/15,0.54
2/18/15,0.53
2/19/15,0.53
2/20/15,0.54
2/23/15,0.53
2/24/15,0.54
2/25/15,0.53
2/26/15,0.53
2/27/15,0.53
3/2/15,0.54
3/3/15,0.53
3/4/15,0.54
3/5/15,0.55
3/6/15,0.54
3/9/15,0.54
3/10/15,0.55
3/11/15,0.55
3/12/15,0.55
3/13/15,0.55
3/16/15,0.55
3/17/15,0.56
3/18/15,0.55
3/19/15,0.56
3/20/15,0.57
3/23/15,0.55
3/24/15,0.54
3/25/15,0.51
3/26/15,0.51
3/27/15,0.52
3/30/15,0.52
3/31/15,0.5
4/1/15,0.51
4/2/15,0.51
4/6/15,0.52
4/7/15,0.53
4/8/15,0.53
4/9/15,0.54
4/10/15,0.55
4/13/15,0.54
4/14/15,0.54
4/15/15,0.55
4/16/15,0.54
4/17/15,0.53
4/20/15,0.53
4/21/15,0.53
4/22/15,0.54
4/23/15,0.54
4/24/15,0.53
4/27/15,0.53
4/28/15,0.54
4/29/15,0.53
4/30/15,0.53
5/1/15,0.55
5/4/15,0.54
5/5/15,0.53
5/6/15,0.53
5/7/15,0.54
5/8/15,0.5
5/11/15,0.5
5/12/15,0.5
5/13/15,0.5
5/14/15,0.51
5/15/15,0.51
5/18/15,0.51
5/19/15,0.51
5/20/15,0.51
5/21/15,0.51
5/22/15,0.5
5/26/15,0.5
5/27/15,0.53
5/28/15,0.54
5/29/15,0.54
6/1/15,0.54
6/2/15,0.53
6/3/15,0.53
6/4/15,0.53
6/5/15,0.54
6/8/15,0.53
6/9/15,0.53
6/10/15,0.52
6/11/15,0.53
6/12/15,0.51
6/15/15,0.51
6/16/15,0.52
6/17/15,0.52
6/18/15,0.53
6/19/15,0.53
6/22/15,0.53
6/23/15,0.51
6/24/15,0.51
6/25/15,0.51
6/26/15,0.5
6/29/15,0.49
6/30/15,0.49
7/1/15,0.49
7/2/15,0.49
7/6/15,0.49
7/7/15,0.48
7/8/15,0.48
7/9/15,0.47
7/10/15,0.48
7/13/15,0.48
7/14/15,0.48
7/15/15,0.48
7/16/15,0.49
7/17/15,0.49
7/20/15,0.48
7/21/15,0.48
7/22/15,0.47
7/23/15,0.48
7/24/15,0.47
7/27/15,0.47
7/28/15,0.48
7/29/15,0.48
7/30/15,0.48
7/31/15,0.48
8/3/15,0.49
8/4/15,0.49
8/5/15,0.5
8/6/15,0.5
8/7/15,0.56
8/10/15,0.58
8/11/15,0.57
8/12/15,0.57
8/13/15,0.57
8/14/15,0.57
8/17/15,0.57
8/18/15,0.56
8/19/15,0.56
8/20/15,0.54
8/21/15,0.52
8/24/15,0.5
8/25/15,0.49
8/26/15,0.53
8/27/15,0.55
8/28/15,0.55
8/31/15,0.55
9/1/15,0.52
9/2/15,0.54
9/3/15,0.54
9/4/15,0.53
9/8/15,0.55
9/9/15,0.54
9/10/15,0.55
9/11/15,0.55
9/14/15,0.55
9/15/15,0.56
9/16/15,0.56
9/17/15,0.57
9/18/15,0.57
9/21/15,0.57
9/22/15,0.56
9/23/15,0.56
9/24/15,0.57
9/25/15,0.57
9/28/15,0.57
9/29/15,0.58
9/30/15,0.6
10/1/15,0.59
10/2/15,0.6
10/5/15,0.62
10/6/15,0.63
10/7/15,0.63
10/8/15,0.64
10/9/15,0.63
10/12/15,0.64
10/13/15,0.64
10/14/15,0.67
10/15/15,0.67
10/16/15,0.68
10/19/15,0.68
10/20/15,0.68
10/21/15,0.67
10/22/15,0.69
10/23/15,0.7
10/26/15,0.69
10/27/15,0.69
10/28/15,0.7
10/29/15,0.67
10/30/15,0.69
11/2/15,0.7
11/3/15,0.69
11/4/15,0.68
11/5/15,0.67
11/6/15,0.77
11/9/15,0.76
11/10/15,0.75
11/11/15,0.74
11/12/15,0.74
11/13/15,0.72
11/16/15,0.74
11/17/15,0.74
11/18/15,0.76
11/19/15,0.76
11/20/15,0.77
11/23/15,0.75
11/24/15,0.76
11/25/15,0.76
11/27/15,0.77
11/30/15,0.77
12/1/15,0.8
12/2/15,0.79
12/3/15,0.79
12/4/15,0.82
12/7/15,0.81
12/8/15,0.82
12/9/15,0.8
12/10/15,0.8
12/11/15,0.79
12/14/15,0.79
12/15/15,0.8
12/16/15,0.81
12/17/15,0.8
12/18/15,0.78
12/21/15,0.8
12/22/15,0.8
12/23/15,0.81
12/24/15,0.81
12/28/15,0.81
12/29/15,0.82
12/30/15,0.81
12/31/15,0.8
1/4/16,0.79
1/5/16,0.8
1/6/16,0.77
1/7/16,0.74
1/8/16,0.72
1/11/16,0.72
1/12/16,0.74
1/13/16,0.71
1/14/16,0.7
1/15/16,0.66
1/19/16,0.67
1/20/16,0.67
1/21/16,0.68
1/22/16,0.69
1/25/16,0.69
1/26/16,0.7
1/27/16,0.69
1/28/16,0.68
1/29/16,0.71
2/1/16,0.72
2/2/16,0.68
2/3/16,0.69
2/4/16,0.69
2/5/16,0.64
2/8/16,0.62
2/9/16,0.62
2/10/16,0.62
2/11/16,0.62
2/12/16,0.63
2/16/16,0.66
2/17/16,0.67
2/18/16,0.73
2/19/16,0.74
2/22/16,0.77
2/23/16,0.77
2/24/16,0.78
2/25/16,0.78
2/26/16,0.77
2/29/16,0.77
3/1/16,0.8
3/2/16,0.81
3/3/16,0.8
3/4/16,0.8
3/7/16,0.79
3/8/16,0.78
3/9/16,0.78
3/10/16,0.78
3/11/16,0.79
3/14/16,0.79
3/15/16,0.79
3/16/16,0.81
3/17/16,0.8
3/18/16,0.83
3/21/16,0.83
3/22/16,0.83
3/23/16,0.84
3/24/16,0.84
3/28/16,0.85
3/29/16,0.87
3/30/16,0.88
3/31/16,0.87
4/1/16,0.89
4/4/16,0.88
4/5/16,0.88
4/6/16,0.88
4/7/16,0.87
4/8/16,0.87
4/11/16,0.88
4/12/16,0.88
4/13/16,0.9
4/14/16,0.9
4/15/16,0.91
4/18/16,0.91
4/19/16,0.89
4/20/16,0.89
4/21/16,0.89
4/22/16,0.89
4/25/16,0.89
4/26/16,0.89
4/27/16,0.91
4/28/16,0.89
4/29/16,0.87
5/2/16,0.88
5/3/16,0.87
5/4/16,0.85
5/5/16,0.86
5/6/16,0.87
5/9/16,0.86
5/10/16,0.88
5/11/16,0.88
5/12/16,0.87
5/13/16,1
5/16/16,1.03
5/17/16,1.04
5/18/16,1.06
5/19/16,1.07
5/20/16,1.09
5/23/16,1.09
5/24/16,1.11
5/25/16,1.11
5/26/16,1.12
5/27/16,1.13
5/31/16,1.15
6/1/16,1.15
6/2/16,1.16
6/3/16,1.14
6/6/16,1.14
6/7/16,1.14
6/8/16,1.13
6/9/16,1.16
6/10/16,1.13
6/13/16,1.15
6/14/16,1.15
6/15/16,1.16
6/16/16,1.17
6/17/16,1.15
6/20/16,1.17
6/21/16,1.16
6/22/16,1.16
6/23/16,1.19
6/24/16,1.12
6/27/16,1.11
6/28/16,1.13
6/29/16,1.15
6/30/16,1.15
7/1/16,1.15
7/5/16,1.16
7/6/16,1.17
7/7/16,1.2
7/8/16,1.25
7/11/16,1.28
7/12/16,1.3
7/13/16,1.3
7/14/16,1.31
7/15/16,1.29
7/18/16,1.3
7/19/16,1.31
7/20/16,1.33
7/21/16,1.31
7/22/16,1.34
7/25/16,1.37
7/26/16,1.39
7/27/16,1.38
7/28/16,1.38
7/29/16,1.4
8/1/16,1.39
8/2/16,1.38
8/3/16,1.38
8/4/16,1.41
8/5/16,1.43
8/8/16,1.44
8/9/16,1.45
8/10/16,1.44
8/11/16,1.47
8/12/16,1.55
8/15/16,1.55
8/16/16,1.54
8/17/16,1.5
8/18/16,1.52
8/19/16,1.53
8/22/16,1.54
8/23/16,1.55
8/24/16,1.52
8/25/16,1.51
8/26/16,1.53
8/29/16,1.53
8/30/16,1.52
8/31/16,1.51
9/1/16,1.55
9/2/16,1.54
9/6/16,1.55
9/7/16,1.53
9/8/16,1.54
9/9/16,1.46
9/12/16,1.49
9/13/16,1.47
9/14/16,1.49
9/15/16,1.54
9/16/16,1.55
9/19/16,1.57
9/20/16,1.55
9/21/16,1.6
9/22/16,1.6
9/23/16,1.6
9/26/16,1.58
9/27/16,1.64
9/28/16,1.64
9/29/16,1.66
9/30/16,1.69
10/3/16,1.68
10/4/16,1.68
10/5/16,1.68
10/6/16,1.66
10/7/16,1.64
10/10/16,1.65
10/11/16,1.63
10/12/16,1.63
10/13/16,1.61
10/14/16,1.62
10/17/16,1.61
10/18/16,1.64
10/19/16,1.64
10/20/16,1.67
10/21/16,1.66
10/24/16,1.74
10/25/16,1.77
10/26/16,1.78
10/27/16,1.74
10/28/16,1.74
10/31/16,1.75
11/1/16,1.7
11/2/16,1.69
11/3/16,1.67
11/4/16,1.66
11/7/16,1.75
11/8/16,1.75
11/9/16,1.72
11/10/16,1.67
11/11/16,2.16
11/14/16,2.06
11/15/16,2.12
11/16/16,2.25
11/17/16,2.27
11/18/16,2.3
11/21/16,2.29
11/22/16,2.3
11/23/16,2.32
11/25/16,2.32
11/28/16,2.32
11/29/16,2.3
11/30/16,2.27
12/1/16,2.16
12/2/16,2.18
12/5/16,2.26
12/6/16,2.3
12/7/16,2.34
12/8/16,2.3
12/9/16,2.26
12/12/16,2.21
12/13/16,2.25
12/14/16,2.38
12/15/16,2.43
12/16/16,2.47
12/19/16,2.5
12/20/16,2.59
12/21/16,2.61
12/22/16,2.64
12/23/16,2.7
12/27/16,2.89
12/28/16,2.69
12/29/16,2.75
12/30/16,2.63
1/3/17,2.51
1/4/17,2.57
1/5/17,2.51
1/6/17,2.54
1/9/17,2.64
1/10/17,2.62
1/11/17,2.59
1/12/17,2.55
1/13/17,2.55
1/17/17,2.49
1/18/17,2.54
1/19/17,2.59
1/20/17,2.56
1/23/17,2.59
1/24/17,2.64
1/25/17,2.66
1/26/17,2.7
1/27/17,2.75
1/30/17,2.71
1/31/17,2.69
2/1/17,2.81
2/2/17,2.84
2/3/17,2.82
2/6/17,2.89
2/7/17,2.94
2/8/17,2.92
2/9/17,2.87
2/10/17,2.8
2/13/17,2.67
2/14/17,2.68
2/15/17,2.69
2/16/17,2.64
2/17/17,2.64
2/21/17,2.74
2/22/17,2.73
2/23/17,2.48
2/24/17,2.5
2/27/17,2.58
2/28/17,2.5
3/1/17,2.54
3/2/17,2.44
3/3/17,2.43
3/6/17,2.41
3/7/17,2.44
3/8/17,2.43
3/9/17,2.43
3/10/17,2.45
3/13/17,2.51
3/14/17,2.51
3/15/17,2.53
3/16/17,2.56
3/17/17,2.62
3/20/17,2.7
3/21/17,2.61
3/22/17,2.67
3/23/17,2.64
3/24/17,2.65
3/27/17,2.67
3/28/17,2.66
3/29/17,2.65
3/30/17,2.7
3/31/17,2.69
4/3/17,2.67
4/4/17,2.49
4/5/17,2.47
4/6/17,2.49
4/7/17,2.48
4/10/17,2.41
4/11/17,2.42
4/12/17,2.4
4/13/17,2.36
4/17/17,2.45
4/18/17,2.45
4/19/17,2.46
4/20/17,2.5
4/21/17,2.51
4/24/17,2.54
4/25/17,2.58
4/26/17,2.57
4/27/17,2.61
4/28/17,2.57
5/1/17,2.63
5/2/17,2.55
5/3/17,2.57
5/4/17,2.56
5/5/17,2.56
5/8/17,2.54
5/9/17,2.54
5/10/17,2.99
5/11/17,3.12
5/12/17,3.15
5/15/17,3.31
5/16/17,3.37
5/17/17,3.15
5/18/17,3.28
5/19/17,3.36
5/22/17,3.43
5/23/17,3.38
5/24/17,3.42
5/25/17,3.41
5/26/17,3.5
5/30/17,3.58
5/31/17,3.56
6/1/17,3.56
6/2/17,3.55
6/5/17,3.66
6/6/17,3.64
6/7/17,3.68
6/8/17,3.95
6/9/17,3.69
6/12/17,3.7
6/13/17,3.74
6/14/17,3.75
6/15/17,3.76
6/16/17,3.74
6/19/17,3.88
6/20/17,3.88
6/21/17,3.94
6/22/17,3.91
6/23/17,3.8
6/26/17,3.76
6/27/17,3.62
6/28/17,3.75
6/29/17,3.62
6/30/17,3.57
7/3/17,3.44
7/5/17,3.53
7/6/17,3.54
7/7/17,3.62
7/10/17,3.8
7/11/17,3.85
7/12/17,4.01
7/13/17,3.97
7/14/17,4.07
7/17/17,4.06
7/18/17,4.1
7/19/17,4.08
7/20/17,4.14
7/21/17,4.15
7/24/17,4.1
7/25/17,4.08
7/26/17,4.13
7/27/17,3.99
7/28/17,4.06
7/31/17,4.01
8/1/17,4.06
8/2/17,4.06
8/3/17,4.11
8/4/17,4.13
8/7/17,4.26
8/8/17,4.21
8/9/17,4.25
8/10/17,4.07
8/11/17,3.85
8/14/17,4.16
8/15/17,4.12
8/16/17,4.08
8/17/17,3.99
8/18/17,3.99
8/21/17,3.93
8/22/17,4.02
8/23/17,4.1
8/24/17,4.08
8/25/17,4.05
8/28/17,4.08
8/29/17,4.07
8/30/17,4.1
8/31/17,4.19
9/1/17,4.21
9/5/17,4.1
9/6/17,4.1
9/7/17,4.12
9/8/17,4.05
9/11/17,4.18
9/12/17,4.19
9/13/17,4.21
9/14/17,4.19
9/15/17,4.45
9/18/17,4.64
9/19/17,4.63
9/20/17,4.59
9/21/17,4.47
9/22/17,4.42
9/25/17,4.23
9/26/17,4.25
9/27/17,4.34
9/28/17,4.34
9/29/17,4.42
10/2/17,4.42
10/3/17,4.43
10/4/17,4.47
10/5/17,4.47
10/6/17,4.48
10/9/17,4.58
10/10/17,4.67
10/11/17,4.72
10/12/17,4.72
10/13/17,4.81
10/16/17,4.89
10/17/17,4.89
10/18/17,4.88
10/19/17,4.89
10/20/17,4.87
10/23/17,4.86
10/24/17,4.91
10/25/17,4.79
10/26/17,4.84
10/27/17,4.99
10/30/17,5.04
10/31/17,5.11
11/1/17,5.12
11/2/17,5.09
11/3/17,5.16
11/6/17,5.18
11/7/17,5.24
11/8/17,5.17
11/9/17,5.07
11/10/17,5.34
11/13/17,5.26
11/14/17,5.29
11/15/17,5.19
11/16/17,5.23
11/17/17,5.22
11/20/17,5.29
11/21/17,5.34
11/22/17,5.32
11/24/17,5.37
11/27/17,5.3
11/28/17,5.21
11/29/17,4.86
11/30/17,4.96
12/1/17,4.89
12/4/17,4.62
12/5/17,4.64
12/6/17,4.68
12/7/17,4.75
12/8/17,4.74
12/11/17,4.81
12/12/17,4.72
12/13/17,4.6
12/14/17,4.61
12/15/17,4.74
12/18/17,4.89
12/19/17,4.85
12/20/17,4.87
12/21/17,4.85
12/22/17,4.83
12/26/17,4.88
12/27/17,4.88
12/28/17,4.88
12/29/17,4.79
1/2/18,4.93
1/3/18,5.26
1/4/18,5.28
1/5/18,5.33
1/8/18,5.49
1/9/18,5.49
1/10/18,5.53
1/11/18,5.54
1/12/18,5.52
1/16/18,5.44
1/17/18,5.56
1/18/18,5.55
1/19/18,5.69
1/22/18,5.78
1/23/18,5.91
1/24/18,5.83
1/25/18,5.85
1/26/18,6.02
1/29/18,6.11
1/30/18,6
1/31/18,6.08
2/1/18,5.95
2/2/18,5.78
2/5/18,5.29
2/6/18,5.58
2/7/18,5.66
2/8/18,5.38
2/9/18,5.74
2/12/18,5.64
2/13/18,5.75
2/14/18,5.97
2/15/18,6.1
2/16/18,6.03
2/20/18,6.16
2/21/18,5.97
2/22/18,5.99
2/23/18,6.09
2/26/18,6.1
2/27/18,6.09
2/28/18,5.99
3/1/18,5.75
3/2/18,5.85
3/5/18,5.83
3/6/18,5.99
3/7/18,5.99
3/8/18,5.97
3/9/18,6.07
3/12/18,6.18
3/13/18,6.13
3/14/18,6.16
3/15/18,6.17
3/16/18,6.2
3/19/18,5.96
3/20/18,6.18
3/21/18,6.15
3/22/18,5.99
3/23/18,5.77
3/26/18,6.05
3/27/18,5.58
3/28/18,5.48
3/29/18,5.73
4/2/18,5.47
4/3/18,5.58
4/4/18,5.6
4/5/18,5.48
4/6/18,5.3
4/9/18,5.33
4/10/18,5.64
4/11/18,5.6
4/12/18,5.81
4/13/18,5.73
4/16/18,5.73
4/17/18,5.88
4/18/18,5.85
4/19/18,5.67
4/20/18,5.66
4/23/18,5.54
4/24/18,5.47
4/25/18,5.36
4/26/18,5.57
4/27/18,5.6
4/30/18,5.57
5/1/18,5.62
5/2/18,5.6
5/3/18,5.77
5/4/18,5.92
5/7/18,6.15
5/8/18,6.2
5/9/18,6.33
5/10/18,6.44
5/11/18,6.3
5/14/18,6.32
5/15/18,6.08
5/16/18,6.09
5/17/18,6.13
5/18/18,6.09
5/21/18,6.04
5/22/18,6.01
5/23/18,6.13
5/24/18,6.13
5/25/18,6.17
5/29/18,6.16
5/30/18,6.27
5/31/18,6.25
6/1/18,6.38
6/4/18,6.56
6/5/18,6.56
6/6/18,6.57
6/7/18,6.51
6/8/18,6.5
6/11/18,6.45
6/12/18,6.5
6/13/18,6.5
6/14/18,6.61
6/15/18,6.57
6/18/18,6.56
6/19/18,6.44
6/20/18,6.5
6/21/18,6.37
6/22/18,6.21
6/25/18,5.92
6/26/18,5.99
6/27/18,5.84
6/28/18,5.96
6/29/18,5.87
7/2/18,6
7/3/18,5.87
7/5/18,6.01
7/6/18,6.12
7/9/18,6.17
7/10/18,6.27
7/11/18,6.13
7/12/18,6.22
7/13/18,6.17
7/16/18,6.15
7/17/18,6.28
7/18/18,6.23
7/19/18,6.24
7/20/18,6.21
7/23/18,6.18
7/24/18,6.16
7/25/18,6.24
7/26/18,6.31
7/27/18,6.24
7/30/18,6.05
7/31/18,6.06
8/1/18,6.1
8/2/18,6.21
8/3/18,6.24
8/6/18,6.29
8/7/18,6.36
8/8/18,6.4
8/9/18,6.35
8/10/18,6.31
8/13/18,6.34
8/14/18,6.47
8/15/18,6.42
8/16/18,6.38
8/17/18,6.06
8/20/18,6.14
8/21/18,6.27
8/22/18,6.51
8/23/18,6.61
8/24/18,6.74
8/27/18,6.83
8/28/18,6.79
8/29/18,6.9
8/30/18,6.88
8/31/18,6.95
9/4/18,7.03
9/5/18,6.9
9/6/18,6.76
9/7/18,6.74
9/10/18,6.81
9/11/18,6.76
9/12/18,6.65
9/13/18,6.72
9/14/18,6.85
9/17/18,6.79
9/18/18,6.72
9/19/18,6.74
9/20/18,6.6
9/21/18,6.53
9/24/18,6.58
9/25/18,6.65
9/26/18,6.61
9/27/18,6.63
9/28/18,6.96
10/1/18,7.17
10/2/18,7.1
10/3/18,7.1
10/4/18,6.92
10/5/18,6.69
10/8/18,6.59
10/9/18,6.58
10/10/18,6.09
10/11/18,5.83
10/12/18,6.11
10/15/18,5.83
10/16/18,6.09
10/17/18,6.02
10/18/18,5.94
10/19/18,5.68
10/22/18,5.73
10/23/18,5.48
10/24/18,4.94
10/25/18,5.15
10/26/18,4.91
10/29/18,4.6
10/30/18,5.03
10/31/18,5.22
11/1/18,5.4
11/2/18,5.33
11/5/18,5.25
11/6/18,5.23
11/7/18,5.3
11/8/18,5.1
11/9/18,5.1
11/12/18,4.7
11/13/18,4.94
11/14/18,4.89
11/15/18,5.01
11/16/18,4.07
11/19/18,3.59
11/20/18,3.69
11/21/18,3.59
11/23/18,3.59
11/26/18,3.79
11/27/18,3.81
11/28/18,3.97
11/29/18,3.9
11/30/18,4.05
12/3/18,4.22
12/4/18,3.9
12/6/18,3.93
12/7/18,3.66
12/10/18,3.77
12/11/18,3.68
12/12/18,3.69
12/13/18,3.69
12/14/18,3.63
12/17/18,3.56
12/18/18,3.64
12/19/18,3.44
12/20/18,3.35
12/21/18,3.21
12/24/18,3.15
12/26/18,3.3
12/27/18,3.25
12/28/18,3.31
12/31/18,3.31
1/2/19,3.38
1/3/19,3.17
1/4/19,3.38
1/7/19,3.56
1/8/19,3.47
1/9/19,3.54
1/10/19,3.6
1/11/19,3.69
1/14/19,3.73
1/15/19,3.72
1/16/19,3.69
1/17/19,3.76
1/18/19,3.89
1/22/19,3.69
1/23/19,3.7
1/24/19,3.91
1/25/19,3.97
1/28/19,3.42
1/29/19,3.26
1/30/19,3.41
1/31/19,3.57
2/1/19,3.59
2/4/19,3.7
2/5/19,3.72
2/6/19,3.79
2/7/19,3.66
2/8/19,3.68
2/11/19,3.63
2/12/19,3.75
2/13/19,3.79
2/14/19,3.83
2/15/19,3.9
2/19/19,3.89
2/20/19,3.93
2/21/19,3.86
2/22/19,3.95
2/25/19,3.94
2/26/19,3.9
2/27/19,3.85
2/28/19,3.83
3/1/19,3.88
3/4/19,3.89
3/5/19,3.89
3/6/19,3.78
3/7/19,3.71
3/8/19,3.74
3/11/19,4
3/12/19,4.04
3/13/19,4.19
3/14/19,4.11
3/15/19,4.22
3/18/19,4.19
3/19/19,4.36
3/20/19,4.33
3/21/19,4.57
3/22/19,4.41
3/25/19,4.31
3/26/19,4.39
3/27/19,4.38
3/28/19,4.4
3/29/19,4.46
4/1/19,4.53
4/2/19,4.54
4/3/19,4.68
4/4/19,4.67
4/5/19,4.74
4/8/19,4.76
4/9/19,4.7
4/10/19,4.77
4/11/19,4.76
4/12/19,4.72
4/15/19,4.59
4/16/19,4.67
4/17/19,4.65
4/18/19,4.63
4/22/19,4.68
4/23/19,4.73
4/24/19,4.75
4/25/19,4.64
4/26/19,4.42
4/29/19,4.45
4/30/19,4.49
5/1/19,4.48
5/2/19,4.55
5/3/19,4.54
5/6/19,4.47
5/7/19,4.3
5/8/19,4.32
5/9/19,4.23
5/10/19,4.19
5/13/19,3.93
5/14/19,4.02
5/15/19,3.96
5/16/19,3.98
5/17/19,3.89
5/20/19,3.77
5/21/19,3.85
5/22/19,3.78
5/23/19,3.66
5/24/19,3.6
5/28/19,3.56
5/29/19,3.48
5/30/19,3.46
5/31/19,3.37
6/3/19,3.33
6/4/19,3.55
6/5/19,3.51
6/6/19,3.57
6/7/19,3.62
6/10/19,3.69
6/11/19,3.75
6/12/19,3.63
6/13/19,3.69
6/14/19,3.6
6/17/19,3.6
6/18/19,3.8
6/19/19,3.81
6/20/19,3.83
6/21/19,3.77
6/24/19,3.79
6/25/19,3.77
6/26/19,3.96
6/27/19,4.06
6/28/19,4.08
7/1/19,4.13
7/2/19,4.03
7/3/19,4.05
7/5/19,3.98
7/8/19,3.91
7/9/19,3.91
7/10/19,3.98
7/11/19,4.13
7/12/19,4.17
7/15/19,4.16
7/16/19,4.15
7/17/19,4.22
7/18/19,4.23
7/19/19,4.19
7/22/19,4.26
7/23/19,4.37
7/24/19,4.44
7/25/19,4.31
7/26/19,4.35
7/29/19,4.35
7/30/19,4.36
7/31/19,4.19
8/1/19,4.1
8/2/19,4.01
8/5/19,3.75
8/6/19,3.79
8/7/19,3.83
8/8/19,3.93
8/9/19,3.83
8/12/19,3.76
8/13/19,3.88
8/14/19,3.73
8/15/19,3.7
8/16/19,3.97
8/19/19,4.24
8/20/19,4.17
8/21/19,4.26
8/22/19,4.26
8/23/19,4.04
8/26/19,4.11
8/27/19,4.02
8/28/19,4.01
8/29/19,4.16
8/30/19,4.17
9/3/19,4.08
9/4/19,4.2
9/5/19,4.47
9/6/19,4.45
9/9/19,4.49
9/10/19,4.56
9/11/19,4.59
9/12/19,4.58
9/13/19,4.53
9/16/19,4.48
9/17/19,4.51
9/18/19,4.48
9/19/19,4.4
9/20/19,4.3
9/23/19,4.35
9/24/19,4.29
9/25/19,4.43
9/26/19,4.41
9/27/19,4.27
9/30/19,4.33
10/1/19,4.33
10/2/19,4.31
10/3/19,4.51
10/4/19,4.53
10/7/19,4.59
10/8/19,4.41
10/9/19,4.5
10/10/19,4.55
10/11/19,4.63
10/14/19,4.64
10/15/19,4.89
10/16/19,4.83
10/17/19,4.83
10/18/19,4.74
10/21/19,4.88
10/22/19,4.87
10/23/19,4.85
10/24/19,4.9
10/25/19,5.09
10/28/19,5.15
10/29/19,5.05
10/30/19,5.05
10/31/19,5
11/1/19,5.04
11/4/19,5.24
11/5/19,5.22
11/6/19,5.17
11/7/19,5.18
11/8/19,5.17
11/11/19,5.18
11/12/19,5.22
11/13/19,5.19
11/14/19,5.22
11/15/19,5.08
11/18/19,5.28
11/19/19,5.18
11/20/19,5.25
11/21/19,5.23
11/22/19,5.25
11/25/19,5.5
11/26/19,5.4
11/27/19,5.43
11/29/19,5.4
12/2/19,5.21
12/3/19,5.17
12/4/19,5.21
12/5/19,5.2
12/6/19,5.28
12/9/19,5.28
12/10/19,5.33
12/11/19,5.41
12/12/19,5.58
12/13/19,5.58
12/16/19,5.61
12/17/19,5.68
12/18/19,5.71
12/19/19,5.86
12/20/19,5.96
12/23/19,5.95
12/24/19,5.94
12/26/19,5.96
12/27/19,5.9
12/30/19,5.78
12/31/19,5.86
1/2/20,5.97
1/3/20,5.88
1/6/20,5.9
1/7/20,5.97
1/8/20,5.99
1/9/20,6.05
1/10/20,6.08
1/13/20,6.27
1/14/20,6.16
1/15/20,6.11
1/16/20,6.2
1/17/20,6.21
1/21/20,6.17
1/22/20,6.23
1/23/20,6.3
1/24/20,6.24
1/27/20,5.98
1/28/20,6.17
1/29/20,6.11
1/30/20,6.12
1/31/20,5.89
2/3/20,5.98
2/4/20,6.15
2/5/20,6.24
2/6/20,6.33
2/7/20,6.26
2/10/20,6.55
2/11/20,6.67
2/12/20,6.79
2/13/20,6.74
2/14/20,7.22
2/18/20,7.38
2/19/20,7.84
2/20/20,7.69
2/21/20,7.32
2/24/20,6.8
2/25/20,6.52
2/26/20,6.66
2/27/20,6.29
2/28/20,6.73
3/2/20,6.89
3/3/20,6.62
3/4/20,7.09
3/5/20,6.81
3/6/20,6.63
3/9/20,6.11
3/10/20,6.5
3/11/20,6.14
3/12/20,5.39
3/13/20,6
3/16/20,4.89
3/17/20,5.41
3/18/20,5.05
3/19/20,5.31
3/20/20,5.13
3/23/20,5.3
3/24/20,6.21
3/25/20,6.12
3/26/20,6.41
3/27/20,6.3
3/30/20,6.62
3/31/20,6.57
4/1/20,6.06
4/2/20,6.36
4/3/20,6.08
4/6/20,6.69
4/7/20,6.45
4/8/20,6.65
4/9/20,6.55
4/13/20,6.72
4/14/20,7.07
4/15/20,7
4/16/20,7.34
4/17/20,7.28
4/20/20,7.15
4/21/20,6.71
4/22/20,7.13
4/23/20,7.08
4/24/20,7.21
4/27/20,7.4
4/28/20,7.26
4/29/20,7.44
4/30/20,7.28
5/1/20,7.05
5/4/20,7.26
5/5/20,7.32
5/6/20,7.42
5/7/20,7.6
5/8/20,7.79
5/11/20,8.04
5/12/20,7.78
5/13/20,7.75
5/14/20,8
5/15/20,8.46
5/18/20,8.72
5/19/20,8.78
5/20/20,8.94
5/21/20,8.75
5/22/20,9
5/26/20,8.69
5/27/20,8.5
5/28/20,8.46
5/29/20,8.85
6/1/20,8.78
6/2/20,8.8
6/3/20,8.74
6/4/20,8.74
6/5/20,8.89
6/8/20,8.78
6/9/20,9.02
6/10/20,9.34
6/11/20,8.77
6/12/20,8.91
6/15/20,9.15
6/16/20,9.04
6/17/20,9.21
6/18/20,9.19
6/19/20,9.23
6/22/20,9.5
6/23/20,9.42
6/24/20,9.21
6/25/20,9.46
6/26/20,9.13
6/29/20,9.17
6/30/20,9.47
7/1/20,9.5
7/2/20,9.58
7/6/20,9.81
7/7/20,9.84
7/8/20,10.19
7/9/20,10.48
7/10/20,10.45
7/13/20,10.02
7/14/20,10.35
7/15/20,10.2
7/16/20,10.1
7/17/20,10.17
7/20/20,10.48
7/21/20,10.3
7/22/20,10.41
7/23/20,10.1
7/24/20,10.16
7/27/20,10.39
7/28/20,10.19
7/29/20,10.43
7/30/20,10.58
7/31/20,10.58
8/3/20,10.98
8/4/20,11.19
8/5/20,11.25
8/6/20,11.3
8/7/20,11.17
8/10/20,11.13
8/11/20,10.82
8/12/20,11.41
8/13/20,11.41
8/14/20,11.53
8/17/20,12.3
8/18/20,12.22
8/19/20,12.1
8/20/20,12.1
8/21/20,12.65
8/24/20,12.68
8/25/20,12.71
8/26/20,12.74
8/27/20,12.59
8/28/20,13.11
8/31/20,13.33
9/1/20,13.78
9/2/20,14.31
9/3/20,12.98
9/4/20,12.59
9/8/20,11.88
9/9/20,12.68
9/10/20,12.28
9/11/20,12.13
9/14/20,12.84
9/15/20,12.96
9/16/20,12.48
9/17/20,12.43
9/18/20,12.16
9/21/20,12.48
9/22/20,12.6
9/23/20,12.09
9/24/20,12.32
9/25/20,12.84
9/28/20,13
9/29/20,13.19
9/30/20,13.49
10/1/20,13.58
10/2/20,13.03
10/5/20,13.61
10/6/20,13.7
10/7/20,13.93
10/8/20,13.8
10/9/20,13.73
10/12/20,14.19
10/13/20,14.21
10/14/20,14.06
10/15/20,13.93
10/16/20,13.77
10/19/20,13.46
10/20/20,13.61
10/21/20,13.49
10/22/20,13.33
10/23/20,13.55
10/26/20,13.11
10/27/20,13.36
10/28/20,12.59
10/29/20,12.99
10/30/20,12.5
11/2/20,12.55
11/3/20,12.98
11/4/20,13.76
11/5/20,14.12
11/6/20,14.52
11/9/20,13.59
11/10/20,12.74
11/11/20,13.38
11/12/20,13.42
11/13/20,13.26
11/16/20,13.48
11/17/20,13.39
11/18/20,13.39
11/19/20,13.4
11/20/20,13.05
11/23/20,13.1
11/24/20,12.92
11/25/20,13.2
11/27/20,13.23
11/30/20,13.37
12/1/20,13.35
12/2/20,13.51
12/3/20,13.36
12/4/20,13.53
12/7/20,13.57
12/8/20,13.32
12/9/20,12.9
12/10/20,12.94
12/11/20,12.98
12/14/20,13.28
12/15/20,13.33
12/16/20,13.21
12/17/20,13.31
12/18/20,13.24
12/21/20,13.3
12/22/20,13.25
12/23/20,12.98
12/24/20,12.96
12/28/20,12.87
12/29/20,12.91
12/30/20,13.11
12/31/20,13.02
1/4/21,13.08
1/5/21,13.37
1/6/21,12.58
1/7/21,13.31
1/8/21,13.25
1/11/21,13.59
1/12/21,13.45
1/13/21,13.5
1/14/21,13.17
1/15/21,12.83
1/19/21,12.99
1/20/21,13.33
1/21/21,13.83
1/22/21,13.68
1/25/21,13.62
1/26/21,13.4
1/27/21,12.89
1/28/21,13.02
1/29/21,12.96
2/1/21,13.21
2/2/21,13.52
2/3/21,13.5
2/4/21,13.63
2/5/21,13.56
2/8/21,14.4
2/9/21,14.23
2/10/21,14.73
2/11/21,15.21
2/12/21,14.93
2/16/21,15.29
2/17/21,14.87
2/18/21,14.79
2/19/21,14.89
2/22/21,14.32
2/23/21,14.11
2/24/21,14.46
2/25/21,13.28
2/26/21,13.68
3/1/21,13.81
3/2/21,13.37
3/3/21,12.77
3/4/21,12.34
3/5/21,12.43
3/8/21,11.57
3/9/21,12.49
3/10/21,12.44
3/11/21,12.97
3/12/21,12.83
3/15/21,13.16
3/16/21,13.26
3/17/21,13.31
3/18/21,12.7
3/19/21,12.82
3/22/21,13.16
3/23/21,13.04
3/24/21,12.62
3/25/21,12.51
3/26/21,12.81
3/29/21,12.92
3/30/21,12.85
3/31/21,13.32
4/1/21,13.78
4/5/21,13.96
4/6/21,13.83
4/7/21,14.11
4/8/21,14.29
4/9/21,14.37
4/12/21,15.18
4/13/21,15.65
4/14/21,15.25
4/15/21,16.1
4/16/21,15.88
4/19/21,15.33
4/20/21,15.14
4/21/21,15.33
4/22/21,14.82
4/23/21,15.23
4/26/21,15.45
4/27/21,15.35
4/28/21,15.25
4/29/21,15.29
4/30/21,14.98
5/3/21,14.81
5/4/21,14.32
5/5/21,14.43
5/6/21,14.49
5/7/21,14.78
5/10/21,14.24
5/11/21,14.28
5/12/21,13.73
5/13/21,13.64
5/14/21,14.21
5/17/21,14.14
5/18/21,13.99
5/19/21,14.04
5/20/21,14.58
5/21/21,14.96
5/24/21,15.58
5/25/21,15.62
5/26/21,15.67
5/27/21,15.46
5/28/21,16.21
6/1/21,16.23
6/2/21,16.74
6/3/21,16.94
6/4/21,17.54
6/7/21,17.58
6/8/21,17.42
6/9/21,17.33
6/10/21,17.39
6/11/21,17.79
6/14/21,17.99
6/15/21,17.76
6/16/21,17.78
6/17/21,18.62
6/18/21,18.61
6/21/21,18.39
6/22/21,18.85
6/23/21,19.02
6/24/21,19.17
6/25/21,19
6/28/21,19.95
6/29/21,19.99
6/30/21,19.97
7/1/21,20.18
7/2/21,20.45
7/6/21,20.66
7/7/21,20.33
7/8/21,19.87
7/9/21,20.01
7/12/21,20.48
7/13/21,20.21
7/14/21,19.81
7/15/21,18.93
7/16/21,18.13
7/19/21,18.75
7/20/21,18.58
7/21/21,19.37
7/22/21,19.56
7/23/21,19.52
7/26/21,19.26
7/27/21,19.17
7/28/21,19.47
7/29/21,19.63
7/30/21,19.46
8/2/21,19.71
8/3/21,19.78
8/4/21,20.24
8/5/21,20.6
8/6/21,20.33
8/9/21,20.26
8/10/21,19.9
8/11/21,19.66
8/12/21,19.87
8/13/21,20.15
8/16/21,19.91
8/17/21,19.42
8/18/21,19.01
8/19/21,19.76
8/20/21,20.78
8/23/21,21.92
8/24/21,21.75
8/25/21,22.17
8/26/21,22.03
8/27/21,22.6
8/30/21,22.65
8/31/21,22.35
9/1/21,22.4
9/2/21,22.36
9/3/21,22.81
9/7/21,22.63
9/8/21,22.3
9/9/21,22.14
9/10/21,22.44
9/13/21,22.12
9/14/21,22.21
9/15/21,22.3
9/16/21,22.21
9/17/21,21.86
9/20/21,21.08
9/21/21,21.21
9/22/21,21.91
9/23/21,22.45
9/24/21,22.05
9/27/21,21.62
9/28/21,20.67
9/29/21,20.48
9/30/21,20.68
10/1/21,20.71
10/4/21,19.7
10/5/21,20.42
10/6/21,20.67
10/7/21,21.04
10/8/21,20.8
10/11/21,20.66
10/12/21,20.64
10/13/21,20.9
10/14/21,21.71
10/15/21,21.83
10/18/21,22.19
10/19/21,22.25
10/20/21,22.07
10/21/21,22.66
10/22/21,22.69
10/25/21,23.13
10/26/21,24.68
10/27/21,24.41
10/28/21,24.9
10/29/21,25.53
11/1/21,25.78
11/2/21,26.36
11/3/21,26.55
11/4/21,29.75
11/5/21,29.7
11/8/21,30.75
11/9/21,30.61
11/10/21,29.41
11/11/21,30.34
11/12/21,30.34
11/15/21,29.98
11/16/21,30.15
11/17/21,29.21
11/18/21,31.62
11/19/21,32.93
11/22/21,31.9
11/23/21,31.69
11/24/21,32.62
11/26/21,31.45
11/29/21,33.32
11/30/21,32.62
12/1/21,31.39
12/2/21,32.08
12/3/21,30.65
12/6/21,29.99
12/7/21,32.38
12/8/21,31.78
12/9/21,30.44
12/10/21,30.15
12/13/21,28.12
12/14/21,28.29
12/15/21,30.41
12/16/21,28.34
12/17/21,27.76
12/20/21,27.68
12/21/21,29.03
12/22/21,29.36
12/23/21,29.6
12/27/21,30.9
12/28/21,30.28
12/29/21,29.96
12/30/21,29.54
12/31/21,29.37
1/3/22,30.08
1/4/22,29.25
1/5/22,27.56
1/6/22,28.14
1/7/22,27.21
1/10/22,27.36
1/11/22,27.78
1/12/22,27.96
1/13/22,26.53
1/14/22,26.9
1/18/22,25.86
1/19/22,25.03
1/20/22,24.11
1/21/22,23.34
1/24/22,23.34
1/25/22,22.29
1/26/22,22.74
1/27/22,21.91
1/28/22,22.81
1/31/22,24.45
2/1/22,24.6
2/2/22,25.2
2/3/22,23.91
2/4/22,24.28
2/7/22,24.69
2/8/22,25.07
2/9/22,26.66
2/10/22,25.79
2/11/22,23.91
2/14/22,24.23
2/15/22,26.46
2/16/22,26.47
2/17/22,24.47
2/18/22,23.61
2/22/22,23.35
2/23/22,22.35
2/24/22,23.71
2/25/22,24.12
2/28/22,24.35
3/1/22,23.44
3/2/22,24.19
3/3/22,23.68
3/4/22,22.91
3/7/22,21.32
3/8/22,21.49
3/9/22,22.98
3/10/22,22.63
3/11/22,22.07
3/14/22,21.3
3/15/22,22.94
3/16/22,24.46
3/17/22,24.73
3/18/22,26.42
3/21/22,26.7
3/22/22,26.49
3/23/22,25.6
3/24/22,28.11
3/25/22,27.66
3/28/22,28.18
3/29/22,28.62
3/30/22,27.65
3/31/22,27.25
4/1/22,26.68
4/4/22,27.32
4/5/22,25.9
4/6/22,24.37
4/7/22,24.18
4/8/22,23.09
4/11/22,21.89
4/12/22,21.48
4/13/22,22.17
4/14/22,21.23
4/18/22,21.75
4/19/22,22.17
4/20/22,21.45
4/21/22,20.16
4/22/22,19.49
4/25/22,19.88
4/26/22,18.76
4/27/22,18.39
4/28/22,19.76
4/29/22,18.52
5/2/22,19.51
5/3/22,19.58
5/4/22,20.31
5/5/22,18.82
5/6/22,18.65
5/9/22,16.93
5/10/22,17.57
5/11/22,16.61
5/12/22,16.15
5/13/22,17.68
5/16/22,17.24
5/17/22,18.15
5/18/22,16.92
5/19/22,17.1
5/20/22,16.67
5/23/22,16.88
5/24/22,16.13
5/25/22,16.95
5/26/22,17.83
5/27/22,18.79
5/31/22,18.65
6/1/22,18.3
6/2/22,19.57
6/3/22,18.69
6/6/22,18.76
6/7/22,18.9
6/8/22,18.63
6/9/22,18.03
6/10/22,16.95
6/13/22,15.63
6/14/22,15.82
6/15/22,16.51
6/16/22,15.58
6/17/22,15.86
6/21/22,16.55
6/22/22,16.34
6/23/22,16.21
6/24/22,17.11
6/27/22,16.85
6/28/22,15.96
6/29/22,15.52
6/30/22,15.14
7/1/22,14.51
7/5/22,14.95
7/6/22,15.11
7/7/22,15.84
7/8/22,15.82
7/11/22,15.13
7/12/22,15.07
7/13/22,15.15
7/14/22,15.35
7/15/22,15.74
7/18/22,16.08
7/19/22,16.97
7/20/22,17.79
7/21/22,18.03
7/22/22,17.3
7/25/22,17
7/26/22,16.51
7/27/22,17.77
7/28/22,17.96
7/29/22,18.14
8/1/22,18.42
8/2/22,18.51
8/3/22,18.87
8/4/22,19.19
8/5/22,18.97
8/8/22,17.77
8/9/22,17.07
8/10/22,18.08
8/11/22,17.92
8/12/22,18.69
8/15/22,19.01
8/16/22,18.86
8/17/22,18.31
8/18/22,18.75
8/19/22,17.83
8/22/22,17.01
8/23/22,17.16
8/24/22,17.2
8/25/22,17.89
8/26/22,16.24
8/29/22,15.78
8/30/22,15.45
8/31/22,15.08
9/1/22,13.92
9/2/22,13.63
9/6/22,13.45
9/7/22,13.7
9/8/22,13.98
9/9/22,14.38
9/12/22,14.49
9/13/22,13.12
9/14/22,13.12
9/15/22,12.92
9/16/22,13.19
9/19/22,13.37
9/20/22,13.17
9/21/22,13.25
9/22/22,12.55
9/23/22,12.51
9/26/22,12.22
9/27/22,12.4
9/28/22,12.73
9/29/22,12.21
9/30/22,12.13
10/3/22,12.5
10/4/22,13.16
10/5/22,13.2
10/6/22,13.12
10/7/22,12.07
10/10/22,11.66
10/11/22,11.58
10/12/22,11.49
10/13/22,11.95
10/14/22,11.22
10/17/22,11.88
10/18/22,11.96
10/19/22,12.04
10/20/22,12.18
10/21/22,12.46
10/24/22,12.59
10/25/22,13.25
10/26/22,12.89
10/27/22,13.17
10/28/22,13.82
10/31/22,13.49
11/1/22,13.53
11/2/22,13.21
11/3/22,13.41
11/4/22,14.14
11/7/22,14.29
11/8/22,14.59
11/9/22,13.76
11/10/22,15.74
11/11/22,16.31
11/14/22,16.28
11/15/22,16.65
11/16/22,15.9
11/17/22,15.66
11/18/22,15.4
11/21/22,15.3
11/22/22,16.02
11/23/22,16.51
11/25/22,16.26
11/28/22,15.81
11/29/22,15.63
11/30/22,16.91
12/1/22,17.13
12/2/22,16.87
12/5/22,16.6
12/6/22,15.98
12/7/22,16.11
12/8/22,17.16
12/9/22,16.99
12/12/22,17.52
12/13/22,18.06
12/14/22,17.66
12/15/22,16.94
12/16/22,16.56
12/19/22,16.24
12/20/22,16.08
12/21/22,16.49
12/22/22,15.33
12/23/22,15.2
12/27/22,14.11
12/28/22,14.03
12/29/22,14.59
12/30/22,14.61
1/3/23,14.31
1/4/23,14.74
1/5/23,14.26
1/6/23,14.85
1/9/23,15.62
1/10/23,15.9
1/11/23,15.99
1/12/23,16.5
1/13/23,16.89
1/17/23,17.69
1/18/23,17.37
1/19/23,16.76
1/20/23,17.83
1/23/23,19.18
1/24/23,19.25
1/25/23,19.31
1/26/23,19.79
1/27/23,20.35
1/30/23,19.15
1/31/23,19.53
2/1/23,20.93
2/2/23,21.7
2/3/23,21.09
2/6/23,21.08
2/7/23,22.16
2/8/23,22.19
2/9/23,22.32
2/10/23,21.25
2/13/23,21.78
2/14/23,22.96
2/15/23,22.75
2/16/23,21.99
2/17/23,21.38
2/21/23,20.64
2/22/23,20.74
2/23/23,23.65
2/24/23,23.27
2/27/23,23.49
2/28/23,23.2
3/1/23,22.69
3/2/23,23.3
3/3/23,23.88
3/6/23,23.54
3/7/23,23.28
3/8/23,24.17
3/9/23,23.43
3/10/23,22.96
3/13/23,22.96
3/14/23,24.05
3/15/23,24.22
3/16/23,25.53
3/17/23,25.71
3/20/23,25.89
3/21/23,26.19
3/22/23,26.46
3/23/23,27.18
3/24/23,26.77
3/27/23,26.52
3/28/23,26.4
3/29/23,26.97
3/30/23,27.37
3/31/23,27.77
4/3/23,27.95
4/4/23,27.44
4/5/23,26.87
4/6/23,27.03
4/10/23,27.57
4/11/23,27.16
4/12/23,26.48
4/13/23,26.45
4/14/23,26.75
4/17/23,26.99
4/18/23,27.66
4/19/23,27.92
4/20/23,27.09
4/21/23,27.11
4/24/23,27.03
4/25/23,26.23
4/26/23,26.95
4/27/23,27.22
4/28/23,27.74
5/1/23,28.9
5/2/23,28.2
5/3/23,27.79
5/4/23,27.55
5/5/23,28.67
5/8/23,29.14
5/9/23,28.56
5/10/23,28.87
5/11/23,28.57
5/12/23,28.33
5/15/23,28.94
5/16/23,29.2
5/17/23,30.17
5/18/23,31.67
5/19/23,31.25
5/22/23,31.16
5/23/23,30.68
5/24/23,30.53
5/25/23,37.96
5/26/23,38.93
5/30/23,40.09
5/31/23,37.82
6/1/23,39.75
6/2/23,39.31
6/5/23,39.16
6/6/23,38.64
6/7/23,37.46
6/8/23,38.5
6/9/23,38.76
6/12/23,39.47
6/13/23,41.01
6/14/23,42.98
6/15/23,42.64
6/16/23,42.68
6/20/23,43.79
6/21/23,43.03
6/22/23,43.01
6/23/23,42.2
6/26/23,40.62
6/27/23,41.86
6/28/23,41.1
6/29/23,40.81
6/30/23,42.29
7/3/23,42.4
7/5/23,42.3
7/6/23,42.09
7/7/23,42.49
7/10/23,42.17
7/11/23,42.39
7/12/23,43.89
7/13/23,45.96
7/14/23,45.46
7/17/23,46.45
7/18/23,47.48
7/19/23,47.06
7/20/23,45.51
7/21/23,44.3
7/24/23,44.6
7/25/23,45.67
7/26/23,45.44
7/27/23,45.89
7/28/23,46.74
7/31/23,46.72
8/1/23,46.49
8/2/23,44.26
8/3/23,44.5
8/4/23,44.67
8/7/23,45.4
8/8/23,44.65
8/9/23,42.54
8/10/23,42.38
8/11/23,40.84
8/14/23,43.74
8/15/23,43.93
8/16/23,43.47
8/17/23,43.33
8/18/23,43.29
8/21/23,46.95
8/22/23,45.65
8/23/23,47.1
8/24/23,47.15
8/25/23,46
8/28/23,46.82
8/29/23,48.77
8/30/23,49.25
8/31/23,49.34
9/1/23,48.49
9/5/23,48.53
9/6/23,47.05
9/7/23,46.23
9/8/23,45.56
9/11/23,45.17
9/12/23,44.86
9/13/23,45.48
9/14/23,45.57
9/15/23,43.89
9/18/23,43.96
9/19/23,43.51
9/20/23,42.23
9/21/23,41.01
9/22/23,41.6
9/25/23,42.21
9/26/23,41.9
9/27/23,42.46
9/28/23,43.08
9/29/23,43.49
10/2/23,44.77
10/3/23,43.51
10/4/23,44.03
10/5/23,44.68
10/6/23,45.75
10/9/23,45.26
10/10/23,45.79
10/11/23,46.8
10/12/23,46.93
10/13/23,45.45
10/16/23,46.09
10/17/23,43.93
10/18/23,42.19
10/19/23,42.09
10/20/23,41.38
10/23/23,42.97
10/24/23,43.65
10/25/23,41.77
10/26/23,40.32
10/27/23,40.49
10/30/23,41.15
10/31/23,40.77
11/1/23,42.32
11/2/23,43.5
11/3/23,45
11/6/23,45.74
11/7/23,45.95
11/8/23,46.56
11/9/23,46.94
11/10/23,48.32
11/13/23,48.61
11/14/23,49.65
11/15/23,48.88
11/16/23,49.47
11/17/23,49.29
11/20/23,50.4
11/21/23,49.93
11/22/23,48.71
11/24/23,47.77
11/27/23,48.23
11/28/23,47.81
11/29/23,48.13
11/30/23,46.76
12/1/23,46.75
12/4/23,45.5
12/5/23,46.56
12/6/23,45.5
12/7/23,46.59
12/8/23,47.5
12/11/23,46.62
12/12/23,47.65
12/13/23,48.08
12/14/23,48.34
12/15/23,48.88
12/18/23,50.07
12/19/23,49.6
12/20/23,48.1
12/21/23,48.98
12/22/23,48.82
12/26/23,49.27
12/27/23,49.41
12/28/23,49.52
12/29/23,49.52
1/2/24,48.16
1/3/24,47.56
1/4/24,47.99
1/5/24,49.09
1/8/24,52.25
1/9/24,53.13
1/10/24,54.34
1/11/24,54.81
1/12/24,54.7
1/16/24,56.37
1/17/24,56.05
1/18/24,57.1
1/19/24,59.48
1/22/24,59.65
1/23/24,59.87
1/24/24,61.35
1/25/24,61.61
1/26/24,61.02
1/29/24,62.46
1/30/24,62.77
1/31/24,61.52
2/1/24,63.02
2/2/24,66.15
2/5/24,69.32
2/6/24,68.21
2/7/24,70.09
2/8/24,69.63
2/9/24,72.12
2/12/24,72.24
2/13/24,72.12
2/14/24,73.89
2/15/24,72.65
2/16/24,72.6
2/20/24,69.44
2/21/24,67.46
2/22/24,78.53
2/23/24,78.81
2/26/24,79.08
2/27/24,78.69
2/28/24,77.65
2/29/24,79.1
3/1/24,82.27
3/4/24,85.23
3/5/24,85.96
3/6/24,88.69
3/7/24,92.66
3/8/24,87.52
3/11/24,85.77
3/12/24,91.91
3/13/24,90.88
3/14/24,87.94
3/15/24,87.83
3/18/24,88.45
3/19/24,89.39
3/20/24,90.36
3/21/24,91.43
3/22/24,94.28
3/25/24,94.99
3/26/24,92.55
3/27/24,90.24
3/28/24,90.35
4/1/24,90.36
4/2/24,89.44
4/3/24,88.96
4/4/24,85.9
4/5/24,88
4/8/24,87.13
4/9/24,85.35
4/10/24,87.03
4/11/24,90.61
4/12/24,88.18
4/15/24,85.99
4/16/24,87.41
4/17/24,84.03
4/18/24,84.66
4/19/24,76.19
4/22/24,79.51
4/23/24,82.42
4/24/24,79.67
4/25/24,82.63
4/26/24,87.73
4/29/24,87.75
4/30/24,86.39
5/1/24,83.03
5/2/24,85.81
5/3/24,88.78
5/6/24,92.13
5/7/24,90.55
5/8/24,90.4
5/9/24,88.74
5/10/24,89.87
5/13/24,90.39
5/14/24,91.35
5/15/24,94.62
5/16/24,94.35
5/17/24,92.47
5/20/24,94.77
5/21/24,95.38
5/22/24,94.94
5/23/24,103.79
5/24/24,106.46
5/28/24,113.89
5/29/24,114.82
5/30/24,110.49
5/31/24,109.62
6/3/24,114.99
6/4/24,116.43
6/5/24,122.43
6/6/24,120.99
6/7/24,120.88
6/10/24,121.78
6/11/24,120.91
6/12/24,125.2
6/13/24,129.61
6/14/24,131.88
6/17/24,130.98
6/18/24,135.58
6/20/24,130.78
6/21/24,126.57
6/24/24,118.11
6/25/24,126.09
6/26/24,126.4
6/27/24,123.99
6/28/24,123.54
7/1/24,124.3
7/2/24,122.67
7/3/24,128.28
7/5/24,125.83
7/8/24,128.2
7/9/24,131.38
7/10/24,134.91
7/11/24,127.4
7/12/24,129.24
7/15/24,128.44
7/16/24,126.36
7/17/24,117.99
7/18/24,121.09
7/19/24,117.93
7/22/24,123.54
7/23/24,122.59
7/24/24,114.25
7/25/24,112.28
7/26/24,113.06
7/29/24,111.59
7/30/24,103.73
7/31/24,117.02
8/1/24,109.21
8/2/24,107.27
8/5/24,100.45
8/6/24,104.25
8/7/24,98.91
8/8/24,104.97
8/9/24,104.75
8/12/24,109.02
8/13/24,116.14
8/14/24,118.08
8/15/24,122.86
8/16/24,124.58
8/19/24,130
8/20/24,127.25
8/21/24,128.5
8/22/24,123.74
8/23/24,129.37
8/26/24,126.46
8/27/24,128.3
8/28/24,125.18